,model,n,d,p,prop_miss,seed,d_miwae,n_epochs,sig_prior,method,time,citcio,add_wy,m,tau_dr,tau_ols,tau_ols_ps
0,dlvm,1000,3,5,0.1,0,3,602,1,glm,1,False,False,10,1.0977567638170254,1.096392180465863,1.0979141915828583
1,dlvm,1000,3,100,0.1,0,3,602,1,glm,182,False,False,10,1.0445718664713073,1.0434765219324988,1.0456775088267218
2,dlvm,5000,3,5,0.1,0,3,602,1,glm,3,False,False,10,1.0711303102495073,1.0736661257151496,1.0807021709901972
3,dlvm,5000,3,100,0.1,0,3,602,1,glm,477,False,False,10,1.0856590382305988,1.0754371098661013,1.0772483060729847
4,dlvm,1000,3,5,0.3,0,3,602,1,glm,2,False,False,10,1.0894234394466598,1.0896365179420466,1.0902582323488663
5,dlvm,1000,3,100,0.3,0,3,602,1,glm,163,False,False,10,1.0592589323533215,1.0598821063466166,1.0651917276879694
6,dlvm,5000,3,5,0.3,0,3,602,1,glm,3,False,False,10,1.0767507471055877,1.0751852130212174,1.0760729396820539
7,dlvm,5000,3,100,0.3,0,3,602,1,glm,354,False,False,10,1.0863674746873657,1.0775315927170475,1.079184859114493
8,dlvm,1000,3,5,0,0,3,602,1,glm,0,False,False,10,1.1121023436828579,1.1106122402958358,1.113950738227555
9,dlvm,1000,3,100,0,0,3,602,1,glm,5,False,False,10,1.0489789666699,1.0471090388891238,1.0473328565613014
10,dlvm,5000,3,5,0,0,3,602,1,glm,2,False,False,10,1.071433724265821,1.073022735381091,1.080609344462509
11,dlvm,5000,3,100,0,0,3,602,1,glm,20,False,False,10,1.0835829298474713,1.0726342284259227,1.0737853901085332
12,dlvm,1000,3,5,0.1,1,3,602,1,glm,2,False,False,10,1.0516343886644834,1.0639401177328554,1.080141846432036
13,dlvm,1000,3,100,0.1,1,3,602,1,glm,354,False,False,10,1.093589499307623,1.0755543842075712,1.0783900582437151
14,dlvm,5000,3,5,0.1,1,3,602,1,glm,3,False,False,10,1.0737776918876982,1.0739263815436064,1.0788259746861422
15,dlvm,5000,3,100,0.1,1,3,602,1,glm,395,False,False,10,1.060877273671681,1.076616185675174,1.0804183175864188
16,dlvm,1000,3,5,0.3,1,3,602,1,glm,2,False,False,10,1.061626512087863,1.0650617119846122,1.0671686363913317
17,dlvm,1000,3,100,0.3,1,3,602,1,glm,149,False,False,10,1.1116019664154364,1.0893003030887265,1.0931381371708293
18,dlvm,5000,3,5,0.3,1,3,602,1,glm,4,False,False,10,1.0859817626092645,1.0844112875301737,1.0876059288831426
19,dlvm,5000,3,100,0.3,1,3,602,1,glm,325,False,False,10,1.0752244289491988,1.079662249305888,1.0841100855020962
20,dlvm,1000,3,5,0,1,3,602,1,glm,0,False,False,10,1.0529764446012528,1.0661296272637828,1.083787868910532
21,dlvm,1000,3,100,0,1,3,602,1,glm,3,False,False,10,1.1055698787705823,1.0808816496975007,1.083077661081343
22,dlvm,5000,3,5,0,1,3,602,1,glm,2,False,False,10,1.066913350100116,1.069378484076203,1.076351822198374
23,dlvm,5000,3,100,0,1,3,602,1,glm,13,False,False,10,1.0554519750044005,1.0768138761720372,1.078899762040119
24,dlvm,1000,3,5,0.1,2,3,602,1,glm,1,False,False,10,1.1151543730696327,1.1156925922071246,1.1214752892369708
25,dlvm,1000,3,100,0.1,2,3,602,1,glm,171,False,False,10,1.111686362014911,1.0642851325351725,1.0586978540553065
26,dlvm,5000,3,5,0.1,2,3,602,1,glm,3,False,False,10,1.092531916207251,1.0950048775259378,1.09749506055566
27,dlvm,5000,3,100,0.1,2,3,602,1,glm,371,False,False,10,1.058086295257346,1.0772215284217626,1.0798368159413756
28,dlvm,1000,3,5,0.3,2,3,602,1,glm,1,False,False,10,1.1360677062044178,1.1354929592800427,1.1371725035490823
29,dlvm,1000,3,100,0.3,2,3,602,1,glm,160,False,False,10,1.0809164779211025,1.0754694072556261,1.0717697409873614
30,dlvm,5000,3,5,0.3,2,3,602,1,glm,3,False,False,10,1.1049942128073007,1.1057097866302183,1.1069559580267974
31,dlvm,5000,3,100,0.3,2,3,602,1,glm,315,False,False,10,1.0695084441764653,1.0818406181183682,1.087865718894467
32,dlvm,1000,3,5,0,2,3,602,1,glm,0,False,False,10,1.1040576125723065,1.1085876304878481,1.1129955232099946
33,dlvm,1000,3,100,0,2,3,602,1,glm,2,False,False,10,1.092792805806154,1.0550593446938554,1.057228053595844
34,dlvm,5000,3,5,0,2,3,602,1,glm,1,False,False,10,1.0841686937242436,1.086339951812929,1.0890865815073048
35,dlvm,5000,3,100,0,2,3,602,1,glm,11,False,False,10,1.0548078314370692,1.0756290356867484,1.0772535642548895
36,dlvm,1000,3,5,0.1,3,3,602,1,glm,2,False,False,10,1.0090450071331183,1.0024240326727187,1.0137956387822329
37,dlvm,1000,3,100,0.1,3,3,602,1,glm,154,False,False,10,1.0939048378411573,1.1078892909263798,1.118120764360168
38,dlvm,5000,3,5,0.1,3,3,602,1,glm,3,False,False,10,1.0697161416316328,1.0699088552999922,1.0738792377695163
39,dlvm,5000,3,100,0.1,3,3,602,1,glm,353,False,False,10,1.1004241759106206,1.091560966374132,1.0935809113038992
40,dlvm,1000,3,5,0.3,3,3,602,1,glm,2,False,False,10,1.0129701522138757,1.0060188278767677,1.009617488688033
41,dlvm,1000,3,100,0.3,3,3,602,1,glm,154,False,False,10,1.0794526065130619,1.0985009532446577,1.108501198054475
42,dlvm,5000,3,5,0.3,3,3,602,1,glm,4,False,False,10,1.0778460735943045,1.0791164225448837,1.0813044810403325
43,dlvm,5000,3,100,0.3,3,3,602,1,glm,337,False,False,10,1.1040154605127754,1.0973896991239849,1.100544770100284
44,dlvm,1000,3,5,0,3,3,602,1,glm,0,False,False,10,0.9977743323986406,1.0031017287862358,1.0216211417784604
45,dlvm,1000,3,100,0,3,3,602,1,glm,3,False,False,10,1.074753967296692,1.1005534186611536,1.1095954060620252
46,dlvm,5000,3,5,0,3,3,602,1,glm,1,False,False,10,1.0714954655706772,1.0730434248383645,1.0796742550242373
47,dlvm,5000,3,100,0,3,3,602,1,glm,12,False,False,10,1.094123975358505,1.0869338274650056,1.087751724045678
48,dlvm,1000,3,5,0.1,4,3,602,1,glm,1,False,False,10,1.012710849608284,1.0102135448048513,1.0107203764005428
49,dlvm,1000,3,100,0.1,4,3,602,1,glm,185,False,False,10,1.0419238224942728,1.079768176100799,1.0848308451890722
50,dlvm,5000,3,5,0.1,4,3,602,1,glm,3,False,False,10,1.0649452309048681,1.063194426082729,1.0677210621721225
51,dlvm,5000,3,100,0.1,4,3,602,1,glm,363,False,False,10,1.0499013370480026,1.0650653056195531,1.0653669440524915
52,dlvm,1000,3,5,0.3,4,3,602,1,glm,2,False,False,10,1.029541217909266,1.0296255595990813,1.0328143297156782
53,dlvm,1000,3,100,0.3,4,3,602,1,glm,154,False,False,10,1.0478984340244055,1.073478985072728,1.0738553573542915
54,dlvm,5000,3,5,0.3,4,3,602,1,glm,3,False,False,10,1.0681210488021375,1.0666688908352353,1.0692719040890362
55,dlvm,5000,3,100,0.3,4,3,602,1,glm,334,False,False,10,1.066694979058014,1.0734602593576166,1.0760529377879504
56,dlvm,1000,3,5,0,4,3,602,1,glm,0,False,False,10,1.0194047578203995,1.021876694525123,1.0223497248930133
57,dlvm,1000,3,100,0,4,3,602,1,glm,3,False,False,10,1.043763378877935,1.0781947539882215,1.0787881888876762
58,dlvm,5000,3,5,0,4,3,602,1,glm,2,False,False,10,1.06152156352063,1.0601115559689638,1.0647708761476937
59,dlvm,5000,3,100,0,4,3,602,1,glm,16,False,False,10,1.0429443098178344,1.0634022985215523,1.0635787815450435
60,dlvm,1000,3,5,0.1,5,3,602,1,glm,2,False,False,10,1.0889833621951535,1.0777261717310203,1.0746829408046268
61,dlvm,1000,3,100,0.1,5,3,602,1,glm,282,False,False,10,1.0709326331224789,1.0728466561494887,1.0748548646762723
62,dlvm,5000,3,5,0.1,5,3,602,1,glm,4,False,False,10,1.0865401673956487,1.0865274817229797,1.0886362777178724
63,dlvm,5000,3,100,0.1,5,3,602,1,glm,428,False,False,10,1.0827546707594142,1.0979722362685174,1.099051988551686
64,dlvm,1000,3,5,0.3,5,3,602,1,glm,2,False,False,10,1.0813121453481433,1.0806858278951077,1.077310587548969
65,dlvm,1000,3,100,0.3,5,3,602,1,glm,172,False,False,10,1.0864099690224034,1.0752040652636299,1.0783271702506358
66,dlvm,5000,3,5,0.3,5,3,602,1,glm,4,False,False,10,1.1027980045272625,1.1019566523181834,1.102701175713574
67,dlvm,5000,3,100,0.3,5,3,602,1,glm,379,False,False,10,1.084143921640204,1.098179196683388,1.1006592563719861
68,dlvm,1000,3,5,0,5,3,602,1,glm,0,False,False,10,1.0829184649187333,1.0648971684775272,1.0624732664179468
69,dlvm,1000,3,100,0,5,3,602,1,glm,4,False,False,10,1.0422899273665056,1.0743663465459297,1.0772666431153868
70,dlvm,5000,3,5,0,5,3,602,1,glm,2,False,False,10,1.07826777734615,1.079946848748517,1.0829269195200306
71,dlvm,5000,3,100,0,5,3,602,1,glm,14,False,False,10,1.0821277091167258,1.093472821087415,1.0947991757218563
72,dlvm,1000,3,5,0.1,6,3,602,1,glm,2,False,False,10,1.0960241840190914,1.0934034786387863,1.0974897136621506
73,dlvm,1000,3,100,0.1,6,3,602,1,glm,210,False,False,10,1.1074361927038692,1.068176481070368,1.0738160087367068
74,dlvm,5000,3,5,0.1,6,3,602,1,glm,4,False,False,10,1.079311828914095,1.0710331688226593,1.0740655070592582
75,dlvm,5000,3,100,0.1,6,3,602,1,glm,500,False,False,10,1.0923603914288391,1.0890390702511161,1.0910338498911982
76,dlvm,1000,3,5,0.3,6,3,602,1,glm,2,False,False,10,1.1070544615527675,1.1032791076999957,1.0988053879673918
77,dlvm,1000,3,100,0.3,6,3,602,1,glm,191,False,False,10,1.1218287220525762,1.0764304944566034,1.0826760601116543
78,dlvm,5000,3,5,0.3,6,3,602,1,glm,5,False,False,10,1.0794157487991327,1.0784125543451197,1.0806430741093447
79,dlvm,5000,3,100,0.3,6,3,602,1,glm,409,False,False,10,1.0958618454003743,1.0910691336142164,1.0941096776879162
80,dlvm,1000,3,5,0,6,3,602,1,glm,0,False,False,10,1.0920429783236345,1.0833746275793972,1.0834717442827986
81,dlvm,1000,3,100,0,6,3,602,1,glm,3,False,False,10,1.0966340694332788,1.0699097841399166,1.0765406103711679
82,dlvm,5000,3,5,0,6,3,602,1,glm,2,False,False,10,1.0772598852912993,1.062736729430654,1.0669548023328939
83,dlvm,5000,3,100,0,6,3,602,1,glm,14,False,False,10,1.080223092165466,1.0840901578886706,1.085364115111878
84,dlvm,1000,3,5,0.1,7,3,602,1,glm,2,False,False,10,1.0664154805538617,1.0641129672617038,1.0617459909440723
85,dlvm,1000,3,100,0.1,7,3,602,1,glm,265,False,False,10,0.9586703965882505,1.0558360076587427,1.060824199575182
86,dlvm,5000,3,5,0.1,7,3,602,1,glm,6,False,False,10,1.058885740705145,1.0577123507081698,1.0611106932742955
87,dlvm,5000,3,100,0.1,7,3,602,1,glm,649,False,False,10,1.0441508800911852,1.054608100166572,1.0574020733489558
88,dlvm,1000,3,5,0.3,7,3,602,1,glm,2,False,False,10,1.0691872326939376,1.071782747111156,1.0726915649974411
89,dlvm,1000,3,100,0.3,7,3,602,1,glm,178,False,False,10,0.5850946994387412,1.058433048463122,1.0665196273951392
90,dlvm,5000,3,5,0.3,7,3,602,1,glm,4,False,False,10,1.0682716807932942,1.0680003121836266,1.071249875814127
91,dlvm,5000,3,100,0.3,7,3,602,1,glm,384,False,False,10,1.0622904063633605,1.064780653770067,1.0685928563820366
92,dlvm,1000,3,5,0,7,3,602,1,glm,0,False,False,10,1.0669588249555435,1.0623729274632363,1.0587506447538306
93,dlvm,1000,3,100,0,7,3,602,1,glm,4,False,False,10,0.8916980983627045,1.0568960981515756,1.0627895889506718
94,dlvm,5000,3,5,0,7,3,602,1,glm,2,False,False,10,1.0602833886265153,1.0570303983318914,1.061029602332948
95,dlvm,5000,3,100,0,7,3,602,1,glm,14,False,False,10,1.0421229164748023,1.0549407740784917,1.0578377024083352
96,dlvm,1000,3,5,0.1,8,3,602,1,glm,2,False,False,10,1.0207774413356325,1.025458736784174,1.0259659627086513
97,dlvm,1000,3,100,0.1,8,3,602,1,glm,216,False,False,10,1.082167973354468,1.0714286920765703,1.0793624108843707
98,dlvm,5000,3,5,0.1,8,3,602,1,glm,5,False,False,10,1.0603210310099687,1.0585355784141186,1.0638705766256151
99,dlvm,5000,3,100,0.1,8,3,602,1,glm,592,False,False,10,1.101645802613529,1.099878495342749,1.1019655274083413
100,dlvm,1000,3,5,0.3,8,3,602,1,glm,2,False,False,10,1.0413214114454488,1.0461180856652272,1.0443678667485101
101,dlvm,1000,3,100,0.3,8,3,602,1,glm,180,False,False,10,1.0752564360574277,1.0735341667130311,1.0798657644047407
102,dlvm,5000,3,5,0.3,8,3,602,1,glm,4,False,False,10,1.0730383570414446,1.0714830331571492,1.0735600818327922
103,dlvm,5000,3,100,0.3,8,3,602,1,glm,491,False,False,10,1.1018900263902434,1.1078400882706323,1.110990710189343
104,dlvm,1000,3,5,0,8,3,602,1,glm,0,False,False,10,1.0228084375210649,1.0265007025471728,1.0280917431741015
105,dlvm,1000,3,100,0,8,3,602,1,glm,4,False,False,10,1.076901129742174,1.0668043877352313,1.0766017648407975
106,dlvm,5000,3,5,0,8,3,602,1,glm,2,False,False,10,1.0513089611870332,1.0486402723608386,1.0539625629170433
107,dlvm,5000,3,100,0,8,3,602,1,glm,15,False,False,10,1.0866430019734048,1.0942237629249656,1.0956192511298826
108,dlvm,1000,3,5,0.1,9,3,602,1,glm,2,False,False,10,1.0914925405169746,1.0898562727447931,1.0901533626495867
109,dlvm,1000,3,100,0.1,9,3,602,1,glm,190,False,False,10,1.1288246498140997,1.099984772179762,1.0965003132932472
110,dlvm,5000,3,5,0.1,9,3,602,1,glm,4,False,False,10,1.0540627573342638,1.0603092044883586,1.0658099272580848
111,dlvm,5000,3,100,0.1,9,3,602,1,glm,369,False,False,10,1.0915844386506213,1.0882109600710153,1.0909046170359638
112,dlvm,1000,3,5,0.3,9,3,602,1,glm,2,False,False,10,1.111493763788328,1.1069068911692508,1.1078556031417202
113,dlvm,1000,3,100,0.3,9,3,602,1,glm,158,False,False,10,1.172281107275269,1.1030631249811342,1.1015185653880095
114,dlvm,5000,3,5,0.3,9,3,602,1,glm,4,False,False,10,1.0635269596996793,1.064942310740355,1.0676084326925892
115,dlvm,5000,3,100,0.3,9,3,602,1,glm,333,False,False,10,1.1025847731797356,1.0946277391518717,1.098231271321914
116,dlvm,1000,3,5,0,9,3,602,1,glm,0,False,False,10,1.08084136928457,1.0839865706553091,1.0906474251378016
117,dlvm,1000,3,100,0,9,3,602,1,glm,3,False,False,10,1.1485431020184194,1.09348758739536,1.0886022828641237
118,dlvm,5000,3,5,0,9,3,602,1,glm,2,False,False,10,1.0487376390126628,1.0561463862041758,1.0602715754941774
119,dlvm,5000,3,100,0,9,3,602,1,glm,12,False,False,10,1.0949713351072814,1.090952110638701,1.09332201604912
120,lrmf,1000,3,5,0.1,0,3,602,1,glm,1,False,False,10,0.914329031807474,0.9085677807315357,0.9091089317013873
121,lrmf,1000,3,100,0.1,0,3,602,1,glm,150,False,False,10,0.9847733639945411,0.9968292684016866,0.9976112263784275
122,lrmf,5000,3,5,0.1,0,3,602,1,glm,2,False,False,10,0.9063358047663612,0.9009680696338327,0.8990267421003265
123,lrmf,5000,3,100,0.1,0,3,602,1,glm,386,False,False,10,1.0002113502247172,0.9995075726749045,1.000682141471104
124,lrmf,1000,3,5,0.3,0,3,602,1,glm,1,False,False,10,0.952961095280547,0.939435136586909,0.9397104702790143
125,lrmf,1000,3,100,0.3,0,3,602,1,glm,164,False,False,10,0.988996603548966,1.000884222419869,0.9990217893010843
126,lrmf,5000,3,5,0.3,0,3,602,1,glm,2,False,False,10,0.9675017432511996,0.9623043268721352,0.9620637837754378
127,lrmf,5000,3,100,0.3,0,3,602,1,glm,335,False,False,10,1.0035325194420757,1.0008859332324223,1.0024050508510363
128,lrmf,1000,3,5,0,0,3,602,1,glm,0,False,False,10,0.8811630260623462,0.878986920801578,0.8791844314677174
129,lrmf,1000,3,100,0,0,3,602,1,glm,1,False,False,10,0.9756474664312286,0.9988121016557349,1.000723541385231
130,lrmf,5000,3,5,0,0,3,602,1,glm,0,False,False,10,0.8861509880572915,0.8782276003297419,0.8764648009853296
131,lrmf,5000,3,100,0,0,3,602,1,glm,1,False,False,10,1.0001429569339169,0.9978903116665855,0.998945862618237
132,lrmf,1000,3,5,0.1,1,3,602,1,glm,1,False,False,10,0.8797917205846068,0.8796394292167433,0.8815178124288666
133,lrmf,1000,3,100,0.1,1,3,602,1,glm,214,False,False,10,0.9920206825070199,0.9926984221446276,0.9888911805312173
134,lrmf,5000,3,5,0.1,1,3,602,1,glm,2,False,False,10,0.902163988953762,0.8942419475469959,0.8917932223834735
135,lrmf,5000,3,100,0.1,1,3,602,1,glm,428,False,False,10,1.0006715318760429,0.9978929294013688,0.998095837299001
136,lrmf,1000,3,5,0.3,1,3,602,1,glm,2,False,False,10,0.9573545416159938,0.9500674521061985,0.9501270394938516
137,lrmf,1000,3,100,0.3,1,3,602,1,glm,175,False,False,10,0.9996818372379146,0.9967085397823879,0.9944124112039943
138,lrmf,5000,3,5,0.3,1,3,602,1,glm,3,False,False,10,0.9610560356746669,0.9509480580429923,0.9504793796185407
139,lrmf,5000,3,100,0.3,1,3,602,1,glm,411,False,False,10,0.9991600853577604,0.9994235024895743,1.0001079146189742
140,lrmf,1000,3,5,0,1,3,602,1,glm,0,False,False,10,0.8578462224550721,0.8681055158338709,0.8702269006783736
141,lrmf,1000,3,100,0,1,3,602,1,glm,1,False,False,10,0.991921170240982,0.9925660963343901,0.9882281183084854
142,lrmf,5000,3,5,0,1,3,602,1,glm,0,False,False,10,0.8795016557582652,0.8699814094325656,0.8654623846981397
143,lrmf,5000,3,100,0,1,3,602,1,glm,2,False,False,10,0.9981609286602897,0.9972451007631982,0.9973487017504226
144,lrmf,1000,3,5,0.1,2,3,602,1,glm,2,False,False,10,0.9401746056367534,0.922608269299721,0.9213639974619696
145,lrmf,1000,3,100,0.1,2,3,602,1,glm,169,False,False,10,0.9887225195546814,1.0107652888226626,1.0072002329501841
146,lrmf,5000,3,5,0.1,2,3,602,1,glm,2,False,False,10,0.9059756643732895,0.8987685107605973,0.8973524343919166
147,lrmf,5000,3,100,0.1,2,3,602,1,glm,596,False,False,10,0.9959375810923298,1.0016819088152684,1.0019601523565234
148,lrmf,1000,3,5,0.3,2,3,602,1,glm,1,False,False,10,0.9847068411668654,0.9721513527810055,0.9723587010884633
149,lrmf,1000,3,100,0.3,2,3,602,1,glm,156,False,False,10,1.000062323212828,1.013647819061759,1.0106842696706533
150,lrmf,5000,3,5,0.3,2,3,602,1,glm,2,False,False,10,0.9693740719756885,0.9613209141433243,0.9606817043600655
151,lrmf,5000,3,100,0.3,2,3,602,1,glm,327,False,False,10,0.9990325998211625,1.0038171435743708,1.0040506982291972
152,lrmf,1000,3,5,0,2,3,602,1,glm,0,False,False,10,0.916105297416469,0.9064844912699336,0.9079130451415584
153,lrmf,1000,3,100,0,2,3,602,1,glm,0,False,False,10,0.986268357401452,1.0077652874108973,1.0046112981791935
154,lrmf,5000,3,5,0,2,3,602,1,glm,0,False,False,10,0.8629520619170832,0.8656984761533575,0.8644511356092547
155,lrmf,5000,3,100,0,2,3,602,1,glm,1,False,False,10,0.9930671376209762,1.0001039051244445,1.0003746105888993
156,lrmf,1000,3,5,0.1,3,3,602,1,glm,1,False,False,10,0.8301099023405204,0.8364549069902738,0.8373163799604082
157,lrmf,1000,3,100,0.1,3,3,602,1,glm,154,False,False,10,1.0241344231413647,1.0245890896396919,1.0224468419880495
158,lrmf,5000,3,5,0.1,3,3,602,1,glm,2,False,False,10,0.889111749946921,0.8900616249495288,0.8880395999865011
159,lrmf,5000,3,100,0.1,3,3,602,1,glm,371,False,False,10,1.0090745197737232,1.0051207465073024,1.0048863135787927
160,lrmf,1000,3,5,0.3,3,3,602,1,glm,2,False,False,10,0.9031936256349249,0.9045360217314361,0.9053687889769864
161,lrmf,1000,3,100,0.3,3,3,602,1,glm,175,False,False,10,1.0279179288054159,1.026893416254711,1.0247268675137404
162,lrmf,5000,3,5,0.3,3,3,602,1,glm,2,False,False,10,0.9484798849682701,0.9459997696425321,0.9461521577354628
163,lrmf,5000,3,100,0.3,3,3,602,1,glm,389,False,False,10,1.0103618193373252,1.0053364834768634,1.00481479137994
164,lrmf,1000,3,5,0,3,3,602,1,glm,0,False,False,10,0.8189512065779297,0.8291256936947498,0.8313214697562248
165,lrmf,1000,3,100,0,3,3,602,1,glm,1,False,False,10,1.0226395173148448,1.0237734901427582,1.021115244262647
166,lrmf,5000,3,5,0,3,3,602,1,glm,0,False,False,10,0.859183850790189,0.8689273156554764,0.8657075148115954
167,lrmf,5000,3,100,0,3,3,602,1,glm,2,False,False,10,1.0099270590420184,1.0047834680636467,1.0045792032514247
168,lrmf,1000,3,5,0.1,4,3,602,1,glm,1,False,False,10,0.8713898884357067,0.862021386495815,0.8605356657214482
169,lrmf,1000,3,100,0.1,4,3,602,1,glm,200,False,False,10,0.9877492659143885,1.0008511538071985,0.9975883060103927
170,lrmf,5000,3,5,0.1,4,3,602,1,glm,3,False,False,10,0.8840397413891982,0.8870561702783413,0.8870562422500348
171,lrmf,5000,3,100,0.1,4,3,602,1,glm,458,False,False,10,1.0006936156058375,1.001925628274484,1.001106810955061
172,lrmf,1000,3,5,0.3,4,3,602,1,glm,1,False,False,10,0.9486999984684928,0.9367501812151277,0.9349850059087018
173,lrmf,1000,3,100,0.3,4,3,602,1,glm,172,False,False,10,0.9905931645660336,0.9959533641486328,0.9957665142705098
174,lrmf,5000,3,5,0.3,4,3,602,1,glm,2,False,False,10,0.9461815379963067,0.9376529178317835,0.9377996412843084
175,lrmf,5000,3,100,0.3,4,3,602,1,glm,370,False,False,10,1.0034135428396644,1.0049270622471493,1.0043137092869299
176,lrmf,1000,3,5,0,4,3,602,1,glm,0,False,False,10,0.8445052427619764,0.8433785219784748,0.8417803570378041
177,lrmf,1000,3,100,0,4,3,602,1,glm,1,False,False,10,0.9818598118759019,0.9963815887367244,0.9927361668526343
178,lrmf,5000,3,5,0,4,3,602,1,glm,0,False,False,10,0.8643229374300538,0.8690664932808352,0.8690798233359975
179,lrmf,5000,3,100,0,4,3,602,1,glm,2,False,False,10,0.9998147833944954,1.000988773881206,1.000443678424514
180,lrmf,1000,3,5,0.1,5,3,602,1,glm,1,False,False,10,0.879252072035537,0.8824604054938936,0.8823865221550438
181,lrmf,1000,3,100,0.1,5,3,602,1,glm,197,False,False,10,0.98647724883264,0.9918579979440093,0.992555183982098
182,lrmf,5000,3,5,0.1,5,3,602,1,glm,2,False,False,10,0.90320036968784,0.8995045328353619,0.8982137136500186
183,lrmf,5000,3,100,0.1,5,3,602,1,glm,670,False,False,10,1.0027871136966333,1.0030867487424246,1.0029554856315799
184,lrmf,1000,3,5,0.3,5,3,602,1,glm,1,False,False,10,0.9513080344646804,0.9469777161326618,0.9461797315009214
185,lrmf,1000,3,100,0.3,5,3,602,1,glm,168,False,False,10,0.990228784042344,0.9953509161653159,0.9977615002436906
186,lrmf,5000,3,5,0.3,5,3,602,1,glm,2,False,False,10,0.9814293071300085,0.9732273466271584,0.9731731882696429
187,lrmf,5000,3,100,0.3,5,3,602,1,glm,387,False,False,10,1.00804535147716,1.0066405800028462,1.0068260639254452
188,lrmf,1000,3,5,0,5,3,602,1,glm,0,False,False,10,0.8425738945683234,0.8571581739062035,0.8571337766727417
189,lrmf,1000,3,100,0,5,3,602,1,glm,1,False,False,10,0.9728324505987646,0.9958320152257756,0.9967272399723568
190,lrmf,5000,3,5,0,5,3,602,1,glm,0,False,False,10,0.8634246987151574,0.8706238709390088,0.8694353518181318
191,lrmf,5000,3,100,0,5,3,602,1,glm,2,False,False,10,1.002439983582145,1.0017572548566387,1.001280804286109
192,lrmf,1000,3,5,0.1,6,3,602,1,glm,1,False,False,10,0.8886765089298668,0.8959105869097245,0.8928704362230896
193,lrmf,1000,3,100,0.1,6,3,602,1,glm,209,False,False,10,0.9572068721682084,0.9997478276034798,0.9998140264070298
194,lrmf,5000,3,5,0.1,6,3,602,1,glm,3,False,False,10,0.9022050406917159,0.9016844027340177,0.9018723516826166
195,lrmf,5000,3,100,0.1,6,3,602,1,glm,552,False,False,10,1.007056980993325,1.0051963558973864,1.0047737185049832
196,lrmf,1000,3,5,0.3,6,3,602,1,glm,2,False,False,10,0.9568923176743148,0.9630186506360653,0.9628478727049004
197,lrmf,1000,3,100,0.3,6,3,602,1,glm,177,False,False,10,0.9610994394416581,0.997662466949685,0.9962059055741157
198,lrmf,5000,3,5,0.3,6,3,602,1,glm,3,False,False,10,0.9537157842933723,0.9529616993169894,0.952498750686367
199,lrmf,5000,3,100,0.3,6,3,602,1,glm,391,False,False,10,1.0080230621174278,1.0072434088649833,1.006701844969036
200,lrmf,1000,3,5,0,6,3,602,1,glm,0,False,False,10,0.8662668535308413,0.8809046217009827,0.8772385590038809
201,lrmf,1000,3,100,0,6,3,602,1,glm,1,False,False,10,0.9482814768366226,0.9987477016919193,0.9981122609270419
202,lrmf,5000,3,5,0,6,3,602,1,glm,0,False,False,10,0.8784179517890479,0.8753116037845923,0.8753181535478609
203,lrmf,5000,3,100,0,6,3,602,1,glm,2,False,False,10,1.007597125998784,1.0044843715304175,1.0041860581441906
204,lrmf,1000,3,5,0.1,7,3,602,1,glm,2,False,False,10,0.8910368079983529,0.8844857022152715,0.8859378630325638
205,lrmf,1000,3,100,0.1,7,3,602,1,glm,278,False,False,10,0.9832157100926897,1.0131425357973953,1.0173644979193788
206,lrmf,5000,3,5,0.1,7,3,602,1,glm,2,False,False,10,0.8806062197136247,0.8846894736376744,0.8849758908847358
207,lrmf,5000,3,100,0.1,7,3,602,1,glm,494,False,False,10,1.0016868605365015,0.9982643697013787,0.9982081573786756
208,lrmf,1000,3,5,0.3,7,3,602,1,glm,2,False,False,10,0.981592245794179,0.9642203613256436,0.9651734595284598
209,lrmf,1000,3,100,0.3,7,3,602,1,glm,162,False,False,10,1.0080458892559048,1.0168751115590118,1.021512618626673
210,lrmf,5000,3,5,0.3,7,3,602,1,glm,2,False,False,10,0.9548904116803552,0.9474022199783368,0.9481104998398242
211,lrmf,5000,3,100,0.3,7,3,602,1,glm,339,False,False,10,1.0012932347137284,0.998587888598203,0.9986576412471008
212,lrmf,1000,3,5,0,7,3,602,1,glm,0,False,False,10,0.8653831899668812,0.8762847361213545,0.873497864732412
213,lrmf,1000,3,100,0,7,3,602,1,glm,0,False,False,10,0.9751452432554031,1.0132470780056104,1.015704035959235
214,lrmf,5000,3,5,0,7,3,602,1,glm,0,False,False,10,0.865539442284757,0.8688678320831157,0.8690226212828367
215,lrmf,5000,3,100,0,7,3,602,1,glm,2,False,False,10,0.9988346752605274,0.9969228857697067,0.9972926983961266
216,lrmf,1000,3,5,0.1,8,3,602,1,glm,1,False,False,10,0.8506852996012497,0.8520867600005524,0.853865456384322
217,lrmf,1000,3,100,0.1,8,3,602,1,glm,160,False,False,10,1.016843370778952,1.0132898619992525,1.0113681038779068
218,lrmf,5000,3,5,0.1,8,3,602,1,glm,2,False,False,10,0.897064560631074,0.8856292961803801,0.8837295269209374
219,lrmf,5000,3,100,0.1,8,3,602,1,glm,479,False,False,10,0.9976817853663549,0.9998153640003642,0.9997177455845181
220,lrmf,1000,3,5,0.3,8,3,602,1,glm,2,False,False,10,0.8951208978557231,0.8934808229468864,0.8936466830187373
221,lrmf,1000,3,100,0.3,8,3,602,1,glm,170,False,False,10,1.0223987517645916,1.0117957565840183,1.00850859513065
222,lrmf,5000,3,5,0.3,8,3,602,1,glm,3,False,False,10,0.9663952643645173,0.9537855091020437,0.9532230295524039
223,lrmf,5000,3,100,0.3,8,3,602,1,glm,326,False,False,10,1.002892962856156,1.003445352152579,1.0029868985405082
224,lrmf,1000,3,5,0,8,3,602,1,glm,0,False,False,10,0.8237356957024833,0.8307298345617091,0.8327344617439879
225,lrmf,1000,3,100,0,8,3,602,1,glm,1,False,False,10,1.0232705180056496,1.0171428345878453,1.0137133609095927
226,lrmf,5000,3,5,0,8,3,602,1,glm,0,False,False,10,0.8715015310018911,0.8611639921477219,0.8581417656964326
227,lrmf,5000,3,100,0,8,3,602,1,glm,2,False,False,10,0.9969938808688117,0.999645497450744,0.9992395317273569
228,lrmf,1000,3,5,0.1,9,3,602,1,glm,1,False,False,10,0.9154774016086102,0.9216672317970522,0.9177241617627191
229,lrmf,1000,3,100,0.1,9,3,602,1,glm,180,False,False,10,0.9932094264491612,0.9907075253387838,0.9924432517647341
230,lrmf,5000,3,5,0.1,9,3,602,1,glm,4,False,False,10,0.8684574583981549,0.8754770902110233,0.874083471212835
231,lrmf,5000,3,100,0.1,9,3,602,1,glm,367,False,False,10,1.00542162187877,1.0076711816176758,1.0080815940684489
232,lrmf,1000,3,5,0.3,9,3,602,1,glm,1,False,False,10,1.0079960724410677,1.0052877270171312,1.0029892362392014
233,lrmf,1000,3,100,0.3,9,3,602,1,glm,151,False,False,10,0.9958870382605849,0.9938420878107065,0.9936890902448707
234,lrmf,5000,3,5,0.3,9,3,602,1,glm,2,False,False,10,0.9358556378388851,0.9352671140812893,0.9350364961712426
235,lrmf,5000,3,100,0.3,9,3,602,1,glm,331,False,False,10,1.0084563832612232,1.0083804562585035,1.0091409201178694
236,lrmf,1000,3,5,0,9,3,602,1,glm,0,False,False,10,0.8823054691575731,0.8982541424291626,0.8930888547298628
237,lrmf,1000,3,100,0,9,3,602,1,glm,1,False,False,10,0.9965839517308837,0.9935015502647675,0.998559949465235
238,lrmf,5000,3,5,0,9,3,602,1,glm,0,False,False,10,0.8443721576998715,0.8575740694418768,0.8562108294971364
239,lrmf,5000,3,100,0,9,3,602,1,glm,1,False,False,10,1.0048997045440926,1.0076204515985512,1.0082130568159635
240,dlvm,1000,3,5,0.1,0,3,602,1,glm,2,True,False,10,1.2289767794722852,1.1521212688776838,1.3406709992300168
241,dlvm,1000,3,100,0.1,0,3,602,1,glm,161,True,False,10,0.9769157275800705,0.9632398414443355,1.1376140361564209
242,dlvm,5000,3,5,0.1,0,3,602,1,glm,4,True,False,10,1.1361492723815594,1.153050941111104,1.2793869386572247
243,dlvm,5000,3,100,0.1,0,3,602,1,glm,375,True,False,10,1.037869554653553,1.0458933737400915,1.0018723681557495
244,dlvm,1000,3,5,0.3,0,3,602,1,glm,2,True,False,10,0.9637816178500568,1.2626420799215183,1.3206127080568582
245,dlvm,1000,3,100,0.3,0,3,602,1,glm,184,True,False,10,1.0113902501140695,1.1258335530165895,0.8776742338446887
246,dlvm,5000,3,5,0.3,0,3,602,1,glm,4,True,False,10,1.2069358264029924,1.1891749526477726,1.2551766672995615
247,dlvm,5000,3,100,0.3,0,3,602,1,glm,520,True,False,10,1.0840644922262141,1.0770484729606395,1.0265482647408533
248,dlvm,1000,3,5,0,0,3,602,1,glm,0,True,False,10,0.9956875300961604,0.9991198369582384,1.0017939919388579
249,dlvm,1000,3,100,0,0,3,602,1,glm,5,True,False,10,1.009479223143083,0.996508784171251,1.0157583818216211
250,dlvm,5000,3,5,0,0,3,602,1,glm,2,True,False,10,1.0130915957555793,1.002362275379467,1.0043578305115006
251,dlvm,5000,3,100,0,0,3,602,1,glm,15,True,False,10,0.9934849586431131,0.9967859932980522,0.996164740523556
252,dlvm,1000,3,5,0.1,1,3,602,1,glm,2,True,False,10,3.9303821966650867,1.120367881246774,1.272764914823779
253,dlvm,1000,3,100,0.1,1,3,602,1,glm,214,True,False,10,0.952953665664903,0.9315293996404623,0.8638637358560312
254,dlvm,5000,3,5,0.1,1,3,602,1,glm,4,True,False,10,0.358457434170652,1.1194330265186747,1.285287659854546
255,dlvm,5000,3,100,0.1,1,3,602,1,glm,606,True,False,10,1.0445957911390136,0.9598986032665575,0.9057761196308454
256,dlvm,1000,3,5,0.3,1,3,602,1,glm,2,True,False,10,1.3182234207702044,1.2376697032386745,1.3552989142589411
257,dlvm,1000,3,100,0.3,1,3,602,1,glm,192,True,False,10,0.6277284176438024,1.2156576478900334,0.8957717340932392
258,dlvm,5000,3,5,0.3,1,3,602,1,glm,4,True,False,10,1.2682729598786036,1.213952572994268,1.3521796386595661
259,dlvm,5000,3,100,0.3,1,3,602,1,glm,445,True,False,10,0.8222212947154436,0.9236065101978905,0.9010588087275669
260,dlvm,1000,3,5,0,1,3,602,1,glm,0,True,False,10,0.9801317321022454,0.9821443700683726,0.9777889833890832
261,dlvm,1000,3,100,0,1,3,602,1,glm,4,True,False,10,0.9927578077363892,0.996212423785726,0.9800537612902855
262,dlvm,5000,3,5,0,1,3,602,1,glm,2,True,False,10,0.9849285590568153,0.9995789606168219,0.9962451240762455
263,dlvm,5000,3,100,0,1,3,602,1,glm,15,True,False,10,0.9935065798733085,0.9919178077274857,1.0192214662299537
264,dlvm,1000,3,5,0.1,2,3,602,1,glm,2,True,False,10,-0.04511972981846886,1.1721653834784154,1.3479905485244734
265,dlvm,1000,3,100,0.1,2,3,602,1,glm,229,True,False,10,1.3205024051483347,1.1683689526432661,2.013951084760939
266,dlvm,5000,3,5,0.1,2,3,602,1,glm,5,True,False,10,1.7750554622939927,1.1260191646758284,1.2988723667877067
267,dlvm,5000,3,100,0.1,2,3,602,1,glm,498,True,False,10,1.0594685027680981,1.0360171261606692,0.9623844407764215
268,dlvm,1000,3,5,0.3,2,3,602,1,glm,2,True,False,10,1.0407687113371273,1.0909799406363487,1.1549923886635036
269,dlvm,1000,3,100,0.3,2,3,602,1,glm,188,True,False,10,0.5841503082152932,0.7304612818261471,0.4031004858167514
270,dlvm,5000,3,5,0.3,2,3,602,1,glm,5,True,False,10,1.2621887073630742,1.2032206600186357,1.3159677767699973
271,dlvm,5000,3,100,0.3,2,3,602,1,glm,577,True,False,10,1.0921985358609438,1.1456238727487498,1.1694331981225838
272,dlvm,1000,3,5,0,2,3,602,1,glm,0,True,False,10,1.0114141115579112,1.0082886282510508,1.0029146342094444
273,dlvm,1000,3,100,0,2,3,602,1,glm,3,True,False,10,0.9641862308810069,0.98408648009381,1.0682385151772098
274,dlvm,5000,3,5,0,2,3,602,1,glm,2,True,False,10,1.0009721303771548,1.0053607807403389,1.0022092206967224
275,dlvm,5000,3,100,0,2,3,602,1,glm,13,True,False,10,1.0051524574281998,1.0027464158766384,0.9919257104013008
276,dlvm,1000,3,5,0.1,3,3,602,1,glm,2,True,False,10,0.7826650510634001,1.142990146527549,1.325754205027924
277,dlvm,1000,3,100,0.1,3,3,602,1,glm,171,True,False,10,1.123618459468249,1.1619091449452625,1.4681938069427831
278,dlvm,5000,3,5,0.1,3,3,602,1,glm,4,True,False,10,1.7368462998025724,1.1445759994739775,1.3488010346461465
279,dlvm,5000,3,100,0.1,3,3,602,1,glm,417,True,False,10,0.9978246397180769,1.000634698358267,0.97539535474388
280,dlvm,1000,3,5,0.3,3,3,602,1,glm,2,True,False,10,1.4235698444896405,1.2801078036161622,1.3931819212122931
281,dlvm,1000,3,100,0.3,3,3,602,1,glm,174,True,False,10,0.9790728791871199,1.164653162799651,1.3867509401495592
282,dlvm,5000,3,5,0.3,3,3,602,1,glm,4,True,False,10,1.4258073425923992,1.2547319182662617,1.4031208590187394
283,dlvm,5000,3,100,0.3,3,3,602,1,glm,411,True,False,10,1.0803733107516087,1.144445337493779,1.1560990115444214
284,dlvm,1000,3,5,0,3,3,602,1,glm,0,True,False,10,0.989486728121269,0.9967538497154822,0.990846734616514
285,dlvm,1000,3,100,0,3,3,602,1,glm,4,True,False,10,1.0148831823652316,1.023797292083191,1.1167989498391049
286,dlvm,5000,3,5,0,3,3,602,1,glm,2,True,False,10,0.9856023307588307,1.0036857610910297,0.9989808273284331
287,dlvm,5000,3,100,0,3,3,602,1,glm,16,True,False,10,0.9918163223415982,0.9973078839112552,1.0043186852792467
288,dlvm,1000,3,5,0.1,4,3,602,1,glm,2,True,False,10,1.4184895118969238,1.1417403318134591,1.292143247963849
289,dlvm,1000,3,100,0.1,4,3,602,1,glm,232,True,False,10,1.0220248926166753,0.9214522644896872,0.7032295564728192
290,dlvm,5000,3,5,0.1,4,3,602,1,glm,4,True,False,10,-2.0321179172842436,1.144240295488237,1.3258270979209672
291,dlvm,5000,3,100,0.1,4,3,602,1,glm,457,True,False,10,0.9810864362259185,1.044803356866915,1.0483192832515764
292,dlvm,1000,3,5,0.3,4,3,602,1,glm,2,True,False,10,1.2547915967064456,1.2770897366589844,1.3433462194861778
293,dlvm,1000,3,100,0.3,4,3,602,1,glm,186,True,False,10,0.446595294069749,1.1195354485356315,1.4646773425423532
294,dlvm,5000,3,5,0.3,4,3,602,1,glm,4,True,False,10,1.09272088628128,1.1746608454144014,1.282428007474409
295,dlvm,5000,3,100,0.3,4,3,602,1,glm,383,True,False,10,1.0535068620812713,1.1009432972281752,1.0040158247334015
296,dlvm,1000,3,5,0,4,3,602,1,glm,0,True,False,10,1.0183943822608692,1.0100078074772176,1.0148837575132004
297,dlvm,1000,3,100,0,4,3,602,1,glm,4,True,False,10,1.0164496471081583,0.9995905246566602,0.969038419372865
298,dlvm,5000,3,5,0,4,3,602,1,glm,2,True,False,10,1.0005783302483224,1.001180740696789,0.9986794374242814
299,dlvm,5000,3,100,0,4,3,602,1,glm,15,True,False,10,1.007123138737008,1.00762036543617,1.0173769428896793
300,dlvm,1000,3,5,0.1,5,3,602,1,glm,2,True,False,10,1.2388095053648847,1.056982856047242,1.1697650203478185
301,dlvm,1000,3,100,0.1,5,3,602,1,glm,182,True,False,10,1.0694242594628716,0.993567204322947,1.3539463075243197
302,dlvm,5000,3,5,0.1,5,3,602,1,glm,4,True,False,10,-52.47559707043505,1.1584215522140178,1.3541984033748926
303,dlvm,5000,3,100,0.1,5,3,602,1,glm,412,True,False,10,1.1513004036924002,1.0602749551631558,1.1240564663772399
304,dlvm,1000,3,5,0.3,5,3,602,1,glm,2,True,False,10,1.4725297831793254,1.294683824874721,1.4304468481212553
305,dlvm,1000,3,100,0.3,5,3,602,1,glm,191,True,False,10,0.7916417516257273,0.7767760174766118,0.5559876251668612
306,dlvm,5000,3,5,0.3,5,3,602,1,glm,4,True,False,10,1.1491564925341948,1.257959257518631,1.362045176873608
307,dlvm,5000,3,100,0.3,5,3,602,1,glm,507,True,False,10,1.3038692163891978,1.1558437206722894,1.1993397764703786
308,dlvm,1000,3,5,0,5,3,602,1,glm,0,True,False,10,0.9894158669436394,0.9981419824246915,0.9988603837428336
309,dlvm,1000,3,100,0,5,3,602,1,glm,3,True,False,10,1.0215204547346701,1.012054846897343,1.0730063521830107
310,dlvm,5000,3,5,0,5,3,602,1,glm,2,True,False,10,1.0007448198066504,1.0086313266928963,1.0036006147978036
311,dlvm,5000,3,100,0,5,3,602,1,glm,14,True,False,10,0.9984188778627321,0.9969971951764414,0.9962040744678969
312,dlvm,1000,3,5,0.1,6,3,602,1,glm,2,True,False,10,0.8456180409230896,1.1415154249058879,1.2948164324116822
313,dlvm,1000,3,100,0.1,6,3,602,1,glm,202,True,False,10,0.9593543301493594,0.9525034458967363,0.9725808740018141
314,dlvm,5000,3,5,0.1,6,3,602,1,glm,4,True,False,10,12.88016543204453,1.1369883112685277,1.2893436610698157
315,dlvm,5000,3,100,0.1,6,3,602,1,glm,496,True,False,10,1.0548834095019237,1.0320204099082715,1.0089547425438832
316,dlvm,1000,3,5,0.3,6,3,602,1,glm,2,True,False,10,1.3484180651542186,1.2565552154646302,1.3995013506015501
317,dlvm,1000,3,100,0.3,6,3,602,1,glm,157,True,False,10,1.045427429843615,0.8322245925931149,0.8301891812922552
318,dlvm,5000,3,5,0.3,6,3,602,1,glm,4,True,False,10,1.2853578516601154,1.2045093278552972,1.3348163418762413
319,dlvm,5000,3,100,0.3,6,3,602,1,glm,369,True,False,10,0.9067580518138685,0.8599948971352452,0.7739173089169458
320,dlvm,1000,3,5,0,6,3,602,1,glm,0,True,False,10,0.9885045473493348,0.9952694566836181,0.994976060864863
321,dlvm,1000,3,100,0,6,3,602,1,glm,4,True,False,10,1.0079981442490493,0.9955171226783806,1.048548159902254
322,dlvm,5000,3,5,0,6,3,602,1,glm,2,True,False,10,1.0023537217634646,0.9999345619809427,0.9943759712501855
323,dlvm,5000,3,100,0,6,3,602,1,glm,18,True,False,10,0.9990520724390286,0.9986269818280784,0.9917173978155933
324,dlvm,1000,3,5,0.1,7,3,602,1,glm,2,True,False,10,2.1951480328663937,1.098549265733565,1.2712874450137794
325,dlvm,1000,3,100,0.1,7,3,602,1,glm,236,True,False,10,1.130543929141784,1.1267750751638947,0.9331655665226218
326,dlvm,5000,3,5,0.1,7,3,602,1,glm,4,True,False,10,2.8865090029832476,1.1371664009883475,1.3526053468962256
327,dlvm,5000,3,100,0.1,7,3,602,1,glm,418,True,False,10,1.091569896622223,1.0232724205660773,1.0654190652158038
328,dlvm,1000,3,5,0.3,7,3,602,1,glm,2,True,False,10,1.5493780456052977,1.3522133744916907,1.5747418863194758
329,dlvm,1000,3,100,0.3,7,3,602,1,glm,170,True,False,10,1.2165855084949335,1.145699221419505,1.0282813300549574
330,dlvm,5000,3,5,0.3,7,3,602,1,glm,4,True,False,10,1.2669995636212612,1.313061652004535,1.4972105891275733
331,dlvm,5000,3,100,0.3,7,3,602,1,glm,442,True,False,10,0.8660630312062617,0.8470613722648108,0.826595046812854
332,dlvm,1000,3,5,0,7,3,602,1,glm,0,True,False,10,1.0087222889022416,1.0003801978319367,0.9924458065588938
333,dlvm,1000,3,100,0,7,3,602,1,glm,3,True,False,10,0.9870695155820648,0.9854381953654062,0.9520116952486679
334,dlvm,5000,3,5,0,7,3,602,1,glm,1,True,False,10,1.0289812047697935,0.9982301116706495,1.0030673930166139
335,dlvm,5000,3,100,0,7,3,602,1,glm,12,True,False,10,1.010387072187661,1.0096647211874727,1.0030541032540685
336,dlvm,1000,3,5,0.1,8,3,602,1,glm,2,True,False,10,2.8052570274006765,1.1418465348074673,1.3445765274177568
337,dlvm,1000,3,100,0.1,8,3,602,1,glm,168,True,False,10,0.945721112644831,0.9473479946177074,1.2703476885074179
338,dlvm,5000,3,5,0.1,8,3,602,1,glm,4,True,False,10,1.4794413963276263,1.1266802062281729,1.2839231032295595
339,dlvm,5000,3,100,0.1,8,3,602,1,glm,474,True,False,10,0.9899770703817226,1.0238576579225596,0.928820222315189
340,dlvm,1000,3,5,0.3,8,3,602,1,glm,2,True,False,10,1.4322833875724525,1.2149242863993674,1.4021164567987277
341,dlvm,1000,3,100,0.3,8,3,602,1,glm,164,True,False,10,0.6096574154728914,0.6595391702401091,0.48710109119867395
342,dlvm,5000,3,5,0.3,8,3,602,1,glm,4,True,False,10,1.4876751875410135,1.2744002773387808,1.4141997242914983
343,dlvm,5000,3,100,0.3,8,3,602,1,glm,353,True,False,10,0.9620793913002219,0.8852418826616265,0.7930843200487796
344,dlvm,1000,3,5,0,8,3,602,1,glm,0,True,False,10,0.9974093859144885,1.0068163705535191,1.0028669920915958
345,dlvm,1000,3,100,0,8,3,602,1,glm,3,True,False,10,0.9977817041769919,0.9923420745410889,1.006287192277433
346,dlvm,5000,3,5,0,8,3,602,1,glm,2,True,False,10,1.0005991553861775,0.9985911934062667,0.9987375690085745
347,dlvm,5000,3,100,0,8,3,602,1,glm,14,True,False,10,0.9968890547348245,0.9938074184045783,1.0069633601434027
348,dlvm,1000,3,5,0.1,9,3,602,1,glm,2,True,False,10,0.40071397616087695,1.1675808955255242,1.3171225430406486
349,dlvm,1000,3,100,0.1,9,3,602,1,glm,167,True,False,10,1.1285233127944647,1.1730344079545014,1.6951273392246442
350,dlvm,5000,3,5,0.1,9,3,602,1,glm,4,True,False,10,3.9457124445995078,1.14553024644673,1.296903537115833
351,dlvm,5000,3,100,0.1,9,3,602,1,glm,388,True,False,10,0.8978794540083237,0.9432383575438517,0.8881482080682389
352,dlvm,1000,3,5,0.3,9,3,602,1,glm,2,True,False,10,1.2366566460843456,1.1877208872922203,1.3075906373247062
353,dlvm,1000,3,100,0.3,9,3,602,1,glm,164,True,False,10,0.8299031755034972,0.8566611778206639,0.8655069341616841
354,dlvm,5000,3,5,0.3,9,3,602,1,glm,4,True,False,10,1.0390962356205606,1.1671726370013895,1.2612134729206539
355,dlvm,5000,3,100,0.3,9,3,602,1,glm,363,True,False,10,1.0716644138982052,1.1012140072073673,0.9675493259659035
356,dlvm,1000,3,5,0,9,3,602,1,glm,0,True,False,10,1.0094113372618634,0.9917815124223482,1.0008906811342186
357,dlvm,1000,3,100,0,9,3,602,1,glm,3,True,False,10,1.0180713182360823,1.0058690628133884,0.9601888417350608
358,dlvm,5000,3,5,0,9,3,602,1,glm,2,True,False,10,1.0016025632508074,1.0046182350730903,1.0086675115849997
359,dlvm,5000,3,100,0,9,3,602,1,glm,16,True,False,10,1.0202855292129216,1.0135979063819778,1.0040294597689372
360,lrmf,1000,3,5,0.1,0,3,602,1,glm,1,True,False,10,0.8215135143914095,1.108754316082901,1.1260003578705997
361,lrmf,1000,3,100,0.1,0,3,602,1,glm,196,True,False,10,0.96402654987749,0.981855580352085,0.9950844288273641
362,lrmf,5000,3,5,0.1,0,3,602,1,glm,5,True,False,10,0.8131270125559243,1.078964329797504,1.0775043134940614
363,lrmf,5000,3,100,0.1,0,3,602,1,glm,383,True,False,10,0.9224103263308233,0.9596294068682216,0.9647349528103097
364,lrmf,1000,3,5,0.3,0,3,602,1,glm,1,True,False,10,0.9656642190711626,0.9841173322832495,0.9892972821643007
365,lrmf,1000,3,100,0.3,0,3,602,1,glm,158,True,False,10,0.7835442131678667,0.7782239934867985,0.5635507190904615
366,lrmf,5000,3,5,0.3,0,3,602,1,glm,3,True,False,10,1.06995720476012,1.0825966152547033,1.0797209939943984
367,lrmf,5000,3,100,0.3,0,3,602,1,glm,350,True,False,10,0.8944002121992917,0.909834050896382,0.8702420775273492
368,lrmf,1000,3,5,0,0,3,602,1,glm,0,True,False,10,0.9900476603421084,1.0040110958427317,1.0091524159779
369,lrmf,1000,3,100,0,0,3,602,1,glm,1,True,False,10,1.0153992956493272,1.015942125426244,1.0903068259136628
370,lrmf,5000,3,5,0,0,3,602,1,glm,0,True,False,10,1.0060720535497503,0.997067643505823,0.995292989784043
371,lrmf,5000,3,100,0,0,3,602,1,glm,2,True,False,10,1.0011229292982784,1.0016031627054942,0.9950598399804106
372,lrmf,1000,3,5,0.1,1,3,602,1,glm,1,True,False,10,1.1065476337455475,1.1146229538156185,1.1346280958094948
373,lrmf,1000,3,100,0.1,1,3,602,1,glm,243,True,False,10,1.1193740784418387,1.1346844091700166,0.7211586569976259
374,lrmf,5000,3,5,0.1,1,3,602,1,glm,2,True,False,10,0.8913967991892848,1.082299457625909,1.0898258734559836
375,lrmf,5000,3,100,0.1,1,3,602,1,glm,339,True,False,10,0.9125632281270575,0.9797338284874562,0.9584728956357775
376,lrmf,1000,3,5,0.3,1,3,602,1,glm,1,True,False,10,1.0991974406940361,1.0912628861031428,1.0979228700357069
377,lrmf,1000,3,100,0.3,1,3,602,1,glm,154,True,False,10,0.834407532148498,1.1954921754340393,0.8776540396832939
378,lrmf,5000,3,5,0.3,1,3,602,1,glm,2,True,False,10,1.0226344982426316,1.0583340416500195,1.0587469920802666
379,lrmf,5000,3,100,0.3,1,3,602,1,glm,490,True,False,10,0.9260452063261028,0.9839710006945968,0.8481668091728176
380,lrmf,1000,3,5,0,1,3,602,1,glm,0,True,False,10,0.9862150257624422,0.9919915008652265,0.9856897438046289
381,lrmf,1000,3,100,0,1,3,602,1,glm,2,True,False,10,1.007496043937134,1.009962667553149,1.075324276708963
382,lrmf,5000,3,5,0,1,3,602,1,glm,0,True,False,10,1.0046273855798176,1.0018391156997803,1.0009589812779658
383,lrmf,5000,3,100,0,1,3,602,1,glm,2,True,False,10,0.9936355892569326,1.0041569793277803,1.021686470313248
384,lrmf,1000,3,5,0.1,2,3,602,1,glm,1,True,False,10,1.2958774110873663,1.148715853352422,1.1794359719862468
385,lrmf,1000,3,100,0.1,2,3,602,1,glm,171,True,False,10,1.0630358950849261,1.0410050046639792,1.0768655353686098
386,lrmf,5000,3,5,0.1,2,3,602,1,glm,2,True,False,10,0.9535667567337619,1.0884653768282593,1.1001469090317404
387,lrmf,5000,3,100,0.1,2,3,602,1,glm,389,True,False,10,1.0396995559963034,1.0361494985767177,1.0733730687799894
388,lrmf,1000,3,5,0.3,2,3,602,1,glm,1,True,False,10,1.0476730608609923,1.0714843789101458,1.071241093115818
389,lrmf,1000,3,100,0.3,2,3,602,1,glm,188,True,False,10,0.9392665323234224,1.0450952449720805,1.0154416945721692
390,lrmf,5000,3,5,0.3,2,3,602,1,glm,2,True,False,10,1.050809049442997,1.0742241322129102,1.074349815375645
391,lrmf,5000,3,100,0.3,2,3,602,1,glm,355,True,False,10,1.1335763278873077,0.9883505452507775,0.981035938314103
392,lrmf,1000,3,5,0,2,3,602,1,glm,0,True,False,10,0.9978417534993348,1.0054951260589597,1.0034478488406344
393,lrmf,1000,3,100,0,2,3,602,1,glm,1,True,False,10,1.006771247322543,1.005926645704124,1.0064978322596325
394,lrmf,5000,3,5,0,2,3,602,1,glm,0,True,False,10,0.9964536213459722,0.9990103474632676,0.9993356465019115
395,lrmf,5000,3,100,0,2,3,602,1,glm,3,True,False,10,1.0025517849731613,1.0024142482839298,1.0177856140224864
396,lrmf,1000,3,5,0.1,3,3,602,1,glm,1,True,False,10,0.6868545419125219,1.0761853103498598,1.0695133988352938
397,lrmf,1000,3,100,0.1,3,3,602,1,glm,180,True,False,10,1.000379307529061,1.0086464413337757,1.2602845975535566
398,lrmf,5000,3,5,0.1,3,3,602,1,glm,2,True,False,10,1.0011043620263913,1.100846196260384,1.1078089072672415
399,lrmf,5000,3,100,0.1,3,3,602,1,glm,441,True,False,10,1.0466603995441477,1.020107249231391,1.0295197412557955
400,lrmf,1000,3,5,0.3,3,3,602,1,glm,1,True,False,10,1.1092854778086692,1.1101341965396077,1.1004335082506578
401,lrmf,1000,3,100,0.3,3,3,602,1,glm,155,True,False,10,1.805584013083368,1.0873312365523333,0.9904998511217276
402,lrmf,5000,3,5,0.3,3,3,602,1,glm,2,True,False,10,1.0953077621473142,1.1126519223369398,1.1151489360977096
403,lrmf,5000,3,100,0.3,3,3,602,1,glm,339,True,False,10,0.9861170833118358,1.093952536763339,1.0957731795564238
404,lrmf,1000,3,5,0,3,3,602,1,glm,0,True,False,10,0.9908329798323233,0.9902291593194595,0.9955175575199269
405,lrmf,1000,3,100,0,3,3,602,1,glm,1,True,False,10,0.978736419398088,0.9832017620208425,0.9852955706651614
406,lrmf,5000,3,5,0,3,3,602,1,glm,0,True,False,10,1.0071087544886175,1.0026240329679814,1.002313206747044
407,lrmf,5000,3,100,0,3,3,602,1,glm,1,True,False,10,1.0007669182738732,1.000726080957429,0.9850267307022132
408,lrmf,1000,3,5,0.1,4,3,602,1,glm,1,True,False,10,0.9291555437231793,1.0655519063324241,1.0629198229286203
409,lrmf,1000,3,100,0.1,4,3,602,1,glm,199,True,False,10,0.8786330491682977,0.9393502430220544,0.918051811609832
410,lrmf,5000,3,5,0.1,4,3,602,1,glm,5,True,False,10,0.9613121815608073,1.0910736748646008,1.1023132360163437
411,lrmf,5000,3,100,0.1,4,3,602,1,glm,380,True,False,10,1.2283460048789563,0.9876999553488094,1.0194583343778625
412,lrmf,1000,3,5,0.3,4,3,602,1,glm,1,True,False,10,0.9301325041603391,0.9841254792811369,0.9834296434047388
413,lrmf,1000,3,100,0.3,4,3,602,1,glm,153,True,False,10,1.3539698757869685,1.020764280865438,1.138954376764736
414,lrmf,5000,3,5,0.3,4,3,602,1,glm,2,True,False,10,1.032593309265851,1.0532723743237629,1.0610094021062542
415,lrmf,5000,3,100,0.3,4,3,602,1,glm,423,True,False,10,0.9160959331984977,1.0829270091544292,1.1067998689726972
416,lrmf,1000,3,5,0,4,3,602,1,glm,0,True,False,10,0.99898314903832,1.013858213232711,1.0067145082769655
417,lrmf,1000,3,100,0,4,3,602,1,glm,1,True,False,10,0.9999534609039051,1.0027166608168352,1.0109199461744025
418,lrmf,5000,3,5,0,4,3,602,1,glm,0,True,False,10,1.0003115997332734,0.9984637608584336,0.9965961278592298
419,lrmf,5000,3,100,0,4,3,602,1,glm,2,True,False,10,0.9912400991470763,0.9920482793155065,0.9871771312652088
420,lrmf,1000,3,5,0.1,5,3,602,1,glm,1,True,False,10,0.9615360658621428,1.1019250288601925,1.079197417690012
421,lrmf,1000,3,100,0.1,5,3,602,1,glm,256,True,False,10,1.0395601576478897,1.0251662575047509,1.007464596815364
422,lrmf,5000,3,5,0.1,5,3,602,1,glm,2,True,False,10,0.9086373747969885,1.0990698467271238,1.1067592927395524
423,lrmf,5000,3,100,0.1,5,3,602,1,glm,364,True,False,10,1.0048507200094612,1.027739581342663,1.064882924833294
424,lrmf,1000,3,5,0.3,5,3,602,1,glm,1,True,False,10,0.880668218341183,0.9676740457956636,0.9638046904312253
425,lrmf,1000,3,100,0.3,5,3,602,1,glm,158,True,False,10,0.8136753050620786,0.7539050679395294,0.8366340579847652
426,lrmf,5000,3,5,0.3,5,3,602,1,glm,2,True,False,10,1.0884494423474358,1.1062430290826382,1.1125497521318835
427,lrmf,5000,3,100,0.3,5,3,602,1,glm,347,True,False,10,0.989114515408858,1.0108686633284703,1.0293978665992738
428,lrmf,1000,3,5,0,5,3,602,1,glm,0,True,False,10,0.9782724676520994,1.0026439769064246,1.0009449538347754
429,lrmf,1000,3,100,0,5,3,602,1,glm,1,True,False,10,0.993731374355965,0.9971477300432753,0.9555969928363813
430,lrmf,5000,3,5,0,5,3,602,1,glm,0,True,False,10,0.9953102824625895,1.0040519380312845,1.0030101347972684
431,lrmf,5000,3,100,0,5,3,602,1,glm,2,True,False,10,0.9973910613939136,1.0001637793299523,1.007912013137348
432,lrmf,1000,3,5,0.1,6,3,602,1,glm,1,True,False,10,0.7911418033035927,1.0847961303070595,1.0969002296328032
433,lrmf,1000,3,100,0.1,6,3,602,1,glm,167,True,False,10,1.1317498791990066,0.9685078370570859,1.0467977046265795
434,lrmf,5000,3,5,0.1,6,3,602,1,glm,2,True,False,10,0.9814412981983214,1.1034234114457058,1.112628007808453
435,lrmf,5000,3,100,0.1,6,3,602,1,glm,367,True,False,10,1.0053729785787884,1.0148123540820513,0.9623593144448146
436,lrmf,1000,3,5,0.3,6,3,602,1,glm,1,True,False,10,1.0350324224635323,1.1009195079963143,1.099945800827592
437,lrmf,1000,3,100,0.3,6,3,602,1,glm,165,True,False,10,0.8203891749995293,0.9716945703087925,1.0909770292177279
438,lrmf,5000,3,5,0.3,6,3,602,1,glm,2,True,False,10,1.0041152176607577,1.0419276282050152,1.0467205234794874
439,lrmf,5000,3,100,0.3,6,3,602,1,glm,355,True,False,10,0.9255757331622305,0.9940765682243746,0.9504172930695469
440,lrmf,1000,3,5,0,6,3,602,1,glm,0,True,False,10,0.9974106991370094,1.018290573812592,1.017955470409038
441,lrmf,1000,3,100,0,6,3,602,1,glm,1,True,False,10,1.0055527133356776,1.0059637891002622,1.063130763971728
442,lrmf,5000,3,5,0,6,3,602,1,glm,0,True,False,10,1.0400286939294439,0.9986922824359699,1.0002952441578896
443,lrmf,5000,3,100,0,6,3,602,1,glm,3,True,False,10,1.0018480096028022,1.000964945688978,1.0043225567329557
444,lrmf,1000,3,5,0.1,7,3,602,1,glm,1,True,False,10,0.7677636445511766,1.0681754211465433,1.074109659612025
445,lrmf,1000,3,100,0.1,7,3,602,1,glm,254,True,False,10,0.8276695455979338,0.8422489683106298,0.7888687322407693
446,lrmf,5000,3,5,0.1,7,3,602,1,glm,2,True,False,10,0.9202778639814682,1.117280068896588,1.1267177701392723
447,lrmf,5000,3,100,0.1,7,3,602,1,glm,337,True,False,10,0.9345935077623226,0.9981097642122874,0.8943116100226215
448,lrmf,1000,3,5,0.3,7,3,602,1,glm,1,True,False,10,1.1163117795965198,1.0952820819393358,1.0977206412540743
449,lrmf,1000,3,100,0.3,7,3,602,1,glm,159,True,False,10,0.8170865752365962,0.7512622023409685,0.9695264853102333
450,lrmf,5000,3,5,0.3,7,3,602,1,glm,2,True,False,10,1.1564842608099546,1.1654926288892231,1.1619089306878454
451,lrmf,5000,3,100,0.3,7,3,602,1,glm,339,True,False,10,0.8997508196320423,0.9531161260997589,0.9490178500559843
452,lrmf,1000,3,5,0,7,3,602,1,glm,0,True,False,10,1.0047185587179877,1.0023733700748048,1.0065535938366075
453,lrmf,1000,3,100,0,7,3,602,1,glm,1,True,False,10,0.988959611038276,0.986437799993718,0.9541989083463246
454,lrmf,5000,3,5,0,7,3,602,1,glm,0,True,False,10,1.0032757460639545,1.0000551799279758,1.0018122220645043
455,lrmf,5000,3,100,0,7,3,602,1,glm,2,True,False,10,1.0019317101106033,1.000158222302175,1.0027247837847981
456,lrmf,1000,3,5,0.1,8,3,602,1,glm,1,True,False,10,0.9338576117735089,1.0903433728491092,1.0956158974621804
457,lrmf,1000,3,100,0.1,8,3,602,1,glm,180,True,False,10,0.9294035016817876,0.9795828287422225,0.8062402057935814
458,lrmf,5000,3,5,0.1,8,3,602,1,glm,2,True,False,10,0.915461946449789,1.0757309911976216,1.0813693197865935
459,lrmf,5000,3,100,0.1,8,3,602,1,glm,428,True,False,10,0.9688688077715719,1.0257625659388268,1.0271221174725742
460,lrmf,1000,3,5,0.3,8,3,602,1,glm,1,True,False,10,0.9556440777592632,1.0452910591548263,1.0502066876126723
461,lrmf,1000,3,100,0.3,8,3,602,1,glm,152,True,False,10,0.8417690483795507,1.0021907881463636,0.9380895098763959
462,lrmf,5000,3,5,0.3,8,3,602,1,glm,2,True,False,10,1.0135501485288674,1.0737076498442062,1.0743870349033515
463,lrmf,5000,3,100,0.3,8,3,602,1,glm,404,True,False,10,1.037461332465869,1.1120563174883706,1.056326357197832
464,lrmf,1000,3,5,0,8,3,602,1,glm,0,True,False,10,0.9653797908938054,0.9892698457567682,0.9813068722479811
465,lrmf,1000,3,100,0,8,3,602,1,glm,2,True,False,10,0.9837310070860422,0.98549952626693,0.9504415278009034
466,lrmf,5000,3,5,0,8,3,602,1,glm,0,True,False,10,1.001747283964336,1.002335396465931,1.0019338196347525
467,lrmf,5000,3,100,0,8,3,602,1,glm,3,True,False,10,0.9974277078940513,0.9982379784234994,1.0008367839111956
468,lrmf,1000,3,5,0.1,9,3,602,1,glm,2,True,False,10,0.6354179989429245,1.10911332055971,1.1338381779074709
469,lrmf,1000,3,100,0.1,9,3,602,1,glm,284,True,False,10,1.0649153500997133,1.0262631654043008,1.2083301999803597
470,lrmf,5000,3,5,0.1,9,3,602,1,glm,2,True,False,10,0.9098355435006384,1.1044802429333607,1.115203558408743
471,lrmf,5000,3,100,0.1,9,3,602,1,glm,375,True,False,10,1.0464211788735303,1.0261047566656787,1.0711190166172626
472,lrmf,1000,3,5,0.3,9,3,602,1,glm,1,True,False,10,1.2050733346280214,1.1477267553241566,1.15801098532012
473,lrmf,1000,3,100,0.3,9,3,602,1,glm,157,True,False,10,0.2979158617490945,0.738607123535229,0.6393582561388877
474,lrmf,5000,3,5,0.3,9,3,602,1,glm,2,True,False,10,1.0596975565157023,1.0773656108140008,1.0773522359488947
475,lrmf,5000,3,100,0.3,9,3,602,1,glm,376,True,False,10,1.0764255268559837,1.0317098493769195,1.0584624905615654
476,lrmf,1000,3,5,0,9,3,602,1,glm,0,True,False,10,1.0368087259251733,1.0088521257642658,1.0080196275083495
477,lrmf,1000,3,100,0,9,3,602,1,glm,1,True,False,10,1.0105924495139393,1.0114874899049209,0.940262842010344
478,lrmf,5000,3,5,0,9,3,602,1,glm,0,True,False,10,0.9850532124386492,0.9997265358154476,0.9997819428789866
479,lrmf,5000,3,100,0,9,3,602,1,glm,3,True,False,10,0.9947453400744954,0.995601224635975,0.9992796054050181
