,model,n,d,p,prop_miss,seed,d_miwae,n_epochs,sig_prior,method,time,citcio,tau_dr,tau_ols,tau_ols_ps,mul_tau_dr,mul_tau_ols,mul_tau_ols_ps
0,dlvm,1000,3,5,0.1,0,3,10,0.1,glm,93,True,2.0506215555676337,1.8351486119493607,1.835138761632603,2.050621555567634,1.387003905376443,1.386493912499746
1,dlvm,1000,3,100,0.1,0,3,10,0.1,glm,409,True,1.3002541681033695,1.7565443377744288,1.6781572275952001,1.3002541681033697,2.322645263817015,2.096019731431696
2,dlvm,1000,3,5,0.3,0,3,10,0.1,glm,75,True,2.005372362576338,1.7964230342225065,1.8388876971557693,2.005372362576338,1.3831101606536043,1.3832148707865994
3,dlvm,1000,3,100,0.3,0,3,10,0.1,glm,409,True,1.2563505467132383,1.971603554023627,1.8725840388339385,1.256350546713238,2.683908948021649,2.4263660351306835
4,dlvm,1000,3,5,0.1,0,3,400,0.1,glm,155,True,2.994666472145629,2.8271603013083357,2.758957878961728,2.9946664721456284,2.7980875820509574,2.889625467631877
5,dlvm,1000,3,100,0.1,0,3,400,0.1,glm,681,True,1.1739463323946502,1.5351144101857699,0.8582801617183362,1.17394633239465,1.9088062218810504,0.9771803095424012
6,dlvm,1000,3,5,0.3,0,3,400,0.1,glm,157,True,2.982506830047753,2.865555677938737,2.7605917636748405,2.9825068300477535,2.816534383986599,2.8865362834905977
7,dlvm,1000,3,100,0.3,0,3,400,0.1,glm,679,True,1.1408409781454172,1.5670474562827685,0.884582158614764,1.1408409781454174,1.896014183801318,1.0017282700319747
8,dlvm,1000,3,5,0.1,0,3,10,1,glm,76,True,3.4247798481487046,2.7766905127917756,2.6734219932560794,3.4247798481487046,2.687454455156488,2.730352472827227
9,dlvm,1000,3,100,0.1,0,3,10,1,glm,462,True,1.4015170582367327,0.5115935863450135,0.5515223673435269,1.4015170582367324,0.8862311094603623,0.7172103320142855
10,dlvm,1000,3,5,0.3,0,3,10,1,glm,77,True,2.919589124504833,2.3485287329110784,2.448809397967537,2.9195891245048324,2.585663265926488,2.6329976887478437
11,dlvm,1000,3,100,0.3,0,3,10,1,glm,456,True,0.6551194705166353,0.502467432546466,0.22068226856345913,0.6551194705166354,0.9557109934934676,0.5854703882300337
12,dlvm,1000,3,5,0.1,0,3,400,1,glm,159,True,3.0331569273222354,2.247286277499055,2.5049341371607716,3.033156927322236,2.5073721478776645,2.6988390817299126
13,dlvm,1000,3,100,0.1,0,3,400,1,glm,683,True,1.8791142015827613,1.807845395829219,0.7031058637537617,1.8791142015827615,2.008651059439858,0.8258381819219422
14,dlvm,1000,3,5,0.3,0,3,400,1,glm,158,True,2.986345461935617,2.258781534756902,2.474385325343609,2.986345461935617,2.495872576620921,2.672475916926655
15,dlvm,1000,3,100,0.3,0,3,400,1,glm,686,True,1.357274037619627,1.852028625683059,0.6663121591212481,1.357274037619627,2.0554784654899128,0.7980033206898631
16,dlvm,1000,3,5,0.1,0,3,10,10,glm,82,True,3.158532827801754,2.8961470207071365,2.88371747063424,3.158532827801754,2.7624956228379807,2.7817697252717624
17,dlvm,1000,3,100,0.1,0,3,10,10,glm,477,True,3.413662444424456,0.582583370874818,0.5114084889584548,3.413662444424456,0.7990310762282513,0.7139382244102813
18,dlvm,1000,3,5,0.3,0,3,10,10,glm,81,True,3.7937361744760754,2.7123412219582383,2.7433783183754326,3.7937361744760745,2.7392559577770133,2.7531958872343254
19,dlvm,1000,3,100,0.3,0,3,10,10,glm,476,True,6.44101697547354,0.9465865511906267,0.6286463068640208,6.44101697547354,1.103711224247955,0.7243742583486439
20,dlvm,1000,3,5,0.1,0,3,400,10,glm,161,True,4.282322751515318,3.1519544391572043,3.1931404345094676,4.282322751515316,2.9229625913156103,3.0524516263266706
21,dlvm,1000,3,100,0.1,0,3,400,10,glm,687,True,2.3923227049973637,1.7415568218052688,0.7092737325554443,2.392322704997363,1.8006905640781434,0.6742375043737596
22,dlvm,1000,3,5,0.3,0,3,400,10,glm,163,True,4.420885839517554,3.1708331494253437,3.1804656428935747,4.420885839517553,2.9423461888096343,3.0413489683208494
23,dlvm,1000,3,100,0.3,0,3,400,10,glm,691,True,0.5184111446893457,1.8416365440238962,0.7786808890348633,0.5184111446893456,1.9803398081090275,0.8531979582395911
24,lrmf,1000,3,5,0.1,0,3,10,0.1,glm,82,True,0.9584921884568237,1.0107681189366815,0.9715749553579371,0.9584921884568236,1.0445131403192236,1.0442137560100884
25,lrmf,1000,3,100,0.1,0,3,10,0.1,glm,423,True,8.8983972871008,8.706147428503606,8.842500414193978,8.898397287100801,8.657134283818937,8.656325945235745
26,lrmf,1000,3,5,0.3,0,3,10,0.1,glm,83,True,1.0802133258160076,1.0819572759885716,1.0830302101458074,1.0802133258160076,1.0451625269497464,1.0446469362022757
27,lrmf,1000,3,100,0.3,0,3,10,0.1,glm,419,True,4.63999359836348,4.196349333565671,3.1893162642099924,4.639993598363482,8.559714610598217,8.5585895588136
28,lrmf,1000,3,5,0.1,0,3,400,0.1,glm,162,True,1.3747961099606583,1.3704982008742839,1.3705635964454537,1.3747961099606585,1.352493585911907,1.3530915323176282
29,lrmf,1000,3,100,0.1,0,3,400,0.1,glm,682,True,0.5123193618665229,0.6073945638319174,0.2901405878629859,0.512319361866523,0.7557716942469906,0.46386485964309543
30,lrmf,1000,3,5,0.3,0,3,400,0.1,glm,164,True,1.5970173338518403,1.5954874416169282,1.5936109908952218,1.59701733385184,1.510176755705365,1.5104720436609966
31,lrmf,1000,3,100,0.3,0,3,400,0.1,glm,687,True,0.6057915372380693,0.6645427993779975,0.3228834753919223,0.6057915372380692,0.8277659434506642,0.509883427203847
32,lrmf,1000,3,5,0.1,0,3,10,1,glm,86,True,1.6843043121979744,1.6861950744599299,1.6819798889177207,1.6843043121979744,1.2812132903815683,1.281194700926598
33,lrmf,1000,3,100,0.1,0,3,10,1,glm,467,True,0.7228409436127017,0.6687507539818005,0.3751149935369813,0.7228409436127017,0.8239398340106758,0.5557751661048238
34,lrmf,1000,3,5,0.3,0,3,10,1,glm,87,True,1.1108803413671873,1.0845420697876849,1.0901524593911471,1.110880341367187,1.2824259062546561,1.2818887855930643
35,lrmf,1000,3,100,0.3,0,3,10,1,glm,473,True,6.89715914551287,6.88675774423292,6.893101679415542,6.897159145512871,6.95411009013823,6.944491985180267
36,lrmf,1000,3,5,0.1,0,3,400,1,glm,167,True,1.7044196947503214,1.5394344524234014,1.5378345968987945,1.7044196947503212,1.592027885729297,1.6025185204183356
37,lrmf,1000,3,100,0.1,0,3,400,1,glm,689,True,0.6629587013306066,0.3045230988040091,0.21595196005668882,0.6629587013306066,0.407934263689272,0.33159649308310124
38,lrmf,1000,3,5,0.3,0,3,400,1,glm,168,True,1.5014873664486175,1.3918738806079527,1.3998939060233178,1.501487366448618,1.4329663632192782,1.4365590343361025
39,lrmf,1000,3,100,0.3,0,3,400,1,glm,695,True,0.7803947391072503,0.5079072938795735,0.34541345157970094,0.7803947391072503,0.621215498550592,0.4735510219664987
40,lrmf,1000,3,5,0.1,0,3,10,10,glm,93,True,1.820910635073104,1.8145402690743686,1.8141268418831347,1.8209106350731046,1.5072790914074363,1.5085431160655718
41,lrmf,1000,3,100,0.1,0,3,10,10,glm,477,True,1.0706573544393607,0.6599819361289414,0.5633749327090013,1.0706573544393603,0.801155821014574,0.7125744273845368
42,lrmf,1000,3,5,0.3,0,3,10,10,glm,92,True,1.763021134364698,1.7521136070945356,1.7516231694595765,1.763021134364698,1.492972022847384,1.4932958592965633
43,lrmf,1000,3,100,0.3,0,3,10,10,glm,478,True,0.6077303231353441,0.4142515910050129,0.32200411575884297,0.6077303231353443,0.5270922516425138,0.43170151692092035
44,lrmf,1000,3,5,0.1,0,3,400,10,glm,173,True,1.5413583212505628,1.3955534084211547,1.3949714630907528,1.5413583212505628,1.612530386455434,1.623451027353111
45,lrmf,1000,3,100,0.1,0,3,400,10,glm,702,True,0.8032975032132017,0.5962321694926123,0.3597329547565981,0.8032975032132016,0.6791665759259783,0.4480455778550422
46,lrmf,1000,3,5,0.3,0,3,400,10,glm,173,True,2.1991653465038445,2.0732036929150817,2.1035328246708436,2.199165346503844,2.023967650320428,2.0318087478523448
47,lrmf,1000,3,100,0.3,0,3,400,10,glm,640,True,1.6521781869076313,0.5919169882368178,0.3657160545848547,1.6521781869076313,0.6010546210889747,0.38742847073297937
48,dlvm,1000,3,5,0.1,1,3,10,0.1,glm,86,True,1.672102011728404,1.619744788139755,1.614252221245465,1.6721020117284044,1.3548870174176415,1.3544048784692262
49,dlvm,1000,3,100,0.1,1,3,10,0.1,glm,372,True,0.387843738207075,0.006359090163840619,0.03979804605614845,0.38784373820707513,2.098067687404162,1.9264885200936368
50,dlvm,1000,3,5,0.3,1,3,10,0.1,glm,86,True,1.453405472978124,1.4106350912868066,1.411940527781553,1.453405472978124,1.3494331774458357,1.3495691339763676
51,dlvm,1000,3,100,0.3,1,3,10,0.1,glm,363,True,-0.4831900943312511,0.06532128782388469,0.09913309770434608,-0.48319009433125104,1.6331005063202542,1.4595186469015886
52,dlvm,1000,3,5,0.1,1,3,400,0.1,glm,171,True,2.670918353059342,2.6144983750980164,2.723710266501042,2.6709183530593417,2.5844506777240124,2.7229162294646057
53,dlvm,1000,3,100,0.1,1,3,400,0.1,glm,629,True,0.28857976824703774,1.0180653616648527,-0.19935934860318127,0.2885797682470378,1.3612403461125815,-0.0655717142149408
54,dlvm,1000,3,5,0.3,1,3,400,0.1,glm,173,True,2.2649924361841256,2.4531043352068775,2.5478488922825644,2.264992436184126,2.5815406754686547,2.707188308362721
55,dlvm,1000,3,100,0.3,1,3,400,0.1,glm,629,True,0.22973647986738513,0.9405691351113674,-0.23664391952263508,0.2297364798673852,1.295441781036754,-0.10738336105292713
56,dlvm,1000,3,5,0.1,1,3,10,1,glm,89,True,3.3035459531248637,2.503763218498261,2.3834122994135214,3.3035459531248623,2.483875099686317,2.537666912015748
57,dlvm,1000,3,100,0.1,1,3,10,1,glm,415,True,-0.04153499237160156,-0.29736896288926595,-0.3365854527947001,-0.041534992371601576,-0.16817613964202885,-0.24936044141146532
58,dlvm,1000,3,5,0.3,1,3,10,1,glm,90,True,3.6652627286015673,2.801296851918497,2.769643661740374,3.665262728601568,2.4830517438766533,2.541557576050146
59,dlvm,1000,3,100,0.3,1,3,10,1,glm,418,True,-0.8041964832275137,-0.4479483282454453,-0.6115592592980723,-0.804196483227514,-0.11334550670922067,-0.32518242064796565
60,dlvm,1000,3,5,0.1,1,3,400,1,glm,174,True,4.185196303695594,2.037039098236646,2.350787606781184,4.1851963036955935,2.2344173401861096,2.414937783420587
61,dlvm,1000,3,100,0.1,1,3,400,1,glm,631,True,-0.7381281686023643,1.5248150353455008,-0.2050731994022974,-0.7381281686023644,1.7122401795914646,-0.07912153597981804
62,dlvm,1000,3,5,0.3,1,3,400,1,glm,176,True,4.447157182757579,2.2599467095366155,2.493048902156055,4.447157182757579,2.375519787965157,2.516752397189041
63,dlvm,1000,3,100,0.3,1,3,400,1,glm,632,True,-1.3299679640544686,1.2140586083067566,-0.36445098913441476,-1.3299679640544684,1.4399275556515942,-0.2180127099033971
64,dlvm,1000,3,5,0.1,1,3,10,10,glm,95,True,3.2292254089224017,2.682681840515641,2.7267217486287243,3.2292254089224026,2.5360506334919455,2.5626237749716267
65,dlvm,1000,3,100,0.1,1,3,10,10,glm,429,True,-0.2854653703159793,0.052155963055701776,0.026872883260990264,-0.28546537031597924,0.10496341067262417,0.08344704585535923
66,dlvm,1000,3,5,0.3,1,3,10,10,glm,94,True,3.7627342620510653,2.410350587808124,2.500258739403355,3.7627342620510666,2.3390179397783366,2.3632972020979457
67,dlvm,1000,3,100,0.3,1,3,10,10,glm,433,True,0.5515373173606138,0.0008585143085347649,-0.004481247408913095,0.5515373173606138,0.5014298905912362,0.30773438497296896
68,dlvm,1000,3,5,0.1,1,3,400,10,glm,178,True,3.7442530776096863,2.0858483343582117,2.3871344599139666,3.744253077609685,2.2304089315525175,2.4276177295407138
69,dlvm,1000,3,100,0.1,1,3,400,10,glm,634,True,14.757501446856455,1.7982641946328977,0.15572322847557102,14.757501446856454,1.953358316680843,0.2506884793818933
70,dlvm,1000,3,5,0.3,1,3,400,10,glm,179,True,5.344974804241352,2.4108854115185547,2.633349773407594,5.344974804241351,2.579002635456712,2.713131502664856
71,dlvm,1000,3,100,0.3,1,3,400,10,glm,637,True,-0.7484484438909289,1.693728274559223,0.3297185744358978,-0.748448443890929,1.8459650814319406,0.46600087037989724
72,lrmf,1000,3,5,0.1,1,3,10,0.1,glm,95,True,1.0341148258699127,1.0421653493810794,1.0399199700343615,1.0341148258699129,1.099321869484152,1.0994784484124258
73,lrmf,1000,3,100,0.1,1,3,10,0.1,glm,393,True,6.5454030450131215,7.107689242282788,6.962921706571763,6.545403045013122,8.954909719387013,8.954812839648076
74,lrmf,1000,3,5,0.3,1,3,10,0.1,glm,95,True,1.081515716812814,1.0821628483566186,1.087592249212321,1.0815157168128138,1.0991771892267526,1.0992126123555996
75,lrmf,1000,3,100,0.3,1,3,10,0.1,glm,383,True,2.1379505424728076,2.0879814616914842,1.8949479660948327,2.1379505424728076,8.752766463061883,8.74554746708912
76,lrmf,1000,3,5,0.1,1,3,400,0.1,glm,178,True,1.5281926161540573,1.5283515459172783,1.526593105302382,1.5281926161540575,1.4778276414369305,1.4768579868961222
77,lrmf,1000,3,100,0.1,1,3,400,0.1,glm,635,True,1.3972678936666327,1.6193659795569424,1.2334408365877003,1.397267893666633,1.751751162406047,1.3780937733231007
78,lrmf,1000,3,5,0.3,1,3,400,0.1,glm,181,True,1.6463649716887248,1.6448570105589688,1.6444029249871939,1.646364971688725,1.5387287138161283,1.538609545295766
79,lrmf,1000,3,100,0.3,1,3,400,0.1,glm,637,True,1.4177954650129858,1.623425722731028,1.259122323214438,1.417795465012986,1.760928327967431,1.426468087663336
80,lrmf,1000,3,5,0.1,1,3,10,1,glm,100,True,1.6508490274403502,1.6690222361465605,1.6698379411550848,1.6508490274403502,1.3848719378406025,1.3848483142242118
81,lrmf,1000,3,100,0.1,1,3,10,1,glm,429,True,0.6191106494926597,1.6511006644567865,1.2779649354083216,0.6191106494926597,1.7792826444213432,1.4530573446231245
82,lrmf,1000,3,5,0.3,1,3,10,1,glm,101,True,1.0439392877320997,1.0602983832982023,1.0581138186352648,1.0439392877320994,1.3747002555704637,1.3749177296452542
83,lrmf,1000,3,100,0.3,1,3,10,1,glm,431,True,0.4257336672545462,1.6161861595233624,1.1276820584647647,0.42573366725454603,1.7666922506342753,1.3130056500019942
84,lrmf,1000,3,5,0.1,1,3,400,1,glm,182,True,1.3783645085350709,1.3303764341613564,1.3335944643351068,1.378364508535071,1.5612059974691173,1.5731509400000976
85,lrmf,1000,3,100,0.1,1,3,400,1,glm,644,True,0.48536477456141963,1.4244838830522464,1.131695936935365,0.48536477456141974,1.5269088090407663,1.2573787256263294
86,lrmf,1000,3,5,0.3,1,3,400,1,glm,185,True,1.5543878848434547,1.278561456790598,1.2776301880827459,1.5543878848434542,1.5814121537926475,1.5915824919157726
87,lrmf,1000,3,100,0.3,1,3,400,1,glm,641,True,0.5501860218314725,1.5878547173498259,1.2409455530679594,0.5501860218314727,1.7001740391283187,1.365066555673161
88,lrmf,1000,3,5,0.1,1,3,10,10,glm,105,True,1.7664084924165049,1.7717059747515156,1.7747986821173178,1.7664084924165047,1.5092780108631911,1.5084572919775368
89,lrmf,1000,3,100,0.1,1,3,10,10,glm,433,True,-0.6812050414856872,1.5141175433226768,1.2181515016046547,-0.6812050414856872,1.656820639719955,1.3940762886477323
90,lrmf,1000,3,5,0.3,1,3,10,10,glm,105,True,1.8043575845255406,1.7844551222148548,1.7832482442167166,1.8043575845255406,1.5188813253453377,1.5188135782353078
91,lrmf,1000,3,100,0.3,1,3,10,10,glm,434,True,-0.016590073692236956,1.3116897456109442,1.068530346568189,-0.016590073692236952,1.4544181784085273,1.2472344009273322
92,lrmf,1000,3,5,0.1,1,3,400,10,glm,191,True,2.13587640526795,1.553525647164606,1.590574002973583,2.13587640526795,1.7025713128282525,1.7387515216061036
93,lrmf,1000,3,100,0.1,1,3,400,10,glm,649,True,0.3011429935554477,1.56419259292208,1.326944930454178,0.3011429935554477,1.6360271481367494,1.4076324616490905
94,lrmf,1000,3,5,0.3,1,3,400,10,glm,192,True,1.2710845083278537,1.4271356323453877,1.4893556602445406,1.2710845083278535,1.6509566498030614,1.7009699534601317
95,lrmf,1000,3,100,0.3,1,3,400,10,glm,652,True,0.7478813414742631,1.5171615146970638,1.225630449773452,0.7478813414742632,1.5948799371081999,1.3173887913345885
96,dlvm,1000,3,5,0.1,2,3,10,0.1,glm,108,True,1.6665956949610408,1.5780924252716773,1.5749797275036599,1.6665956949610408,1.1074715455077904,1.1070703235745334
97,dlvm,1000,3,100,0.1,2,3,10,0.1,glm,391,True,1.4665185603836948,2.6536447859293304,2.515328666927962,1.4665185603836943,3.2608391365030025,3.0342339614370473
98,dlvm,1000,3,5,0.3,2,3,10,0.1,glm,108,True,1.128900076276583,1.1163332085063327,1.2479339336459816,1.128900076276583,1.0923537300169286,1.0922531204752985
99,dlvm,1000,3,100,0.3,2,3,10,0.1,glm,389,True,1.7006140192635788,2.2356657468434307,2.2010763095848382,1.7006140192635786,3.7405253845608297,3.4069607279135927
100,dlvm,1000,3,5,0.1,2,3,400,0.1,glm,194,True,2.5973789088484236,2.409817787296145,2.3120526339506746,2.597378908848423,2.3868520742443597,2.401419448649578
101,dlvm,1000,3,100,0.1,2,3,400,0.1,glm,651,True,1.3842187144115914,2.110696364387117,0.9283075229656643,1.3842187144115916,2.4373256950359625,1.0983759569896359
102,dlvm,1000,3,5,0.3,2,3,400,0.1,glm,197,True,2.793839791495537,2.4600126160797426,2.387837886278546,2.7938397914955364,2.3922025195022747,2.4040334026663945
103,dlvm,1000,3,100,0.3,2,3,400,0.1,glm,651,True,1.5748308148798156,2.3082248488008723,1.1834624213688283,1.5748308148798156,2.608574669285058,1.320364108143207
104,dlvm,1000,3,5,0.1,2,3,10,1,glm,111,True,3.042768877026998,2.3885732431987843,2.3029660345652623,3.0427688770269983,2.252340188788348,2.2313427645726382
105,dlvm,1000,3,100,0.1,2,3,10,1,glm,444,True,0.23747603918813479,0.977320034114328,0.8539957407914331,0.2374760391881348,1.2954941152199697,1.059647301531037
106,dlvm,1000,3,5,0.3,2,3,10,1,glm,114,True,3.033937927695987,2.4339706622652932,2.3074199378974725,3.033937927695987,2.3094121171263224,2.289239652378871
107,dlvm,1000,3,100,0.3,2,3,10,1,glm,430,True,0.3456537867639049,1.5097570603600317,1.2431672820355029,0.34565378676390496,2.049569712747541,1.6127219025090376
108,dlvm,1000,3,5,0.1,2,3,400,1,glm,198,True,3.5061610597356623,1.8958176746426931,1.948036791442363,3.506161059735661,2.0156903984128007,2.0261255523143107
109,dlvm,1000,3,100,0.1,2,3,400,1,glm,654,True,0.309750626852683,2.644294559811171,1.03455535604505,0.309750626852683,2.8446910956095777,1.1716326620488522
110,dlvm,1000,3,5,0.3,2,3,400,1,glm,203,True,3.640021663632673,1.8663637303141143,1.9163290174619652,3.6400216636326728,2.158989161455464,2.1649942294541527
111,dlvm,1000,3,100,0.3,2,3,400,1,glm,658,True,-0.043719832876974576,2.7579379973506435,1.2583234745345155,-0.04371983287697457,2.9214766149856657,1.378854980641705
112,dlvm,1000,3,5,0.1,2,3,10,10,glm,118,True,2.84097109766614,2.3685354412010775,2.4261693457978333,2.840971097666141,2.3864634387798302,2.352224662144759
113,dlvm,1000,3,100,0.1,2,3,10,10,glm,453,True,0.18733393426774397,1.1679646054599322,1.0638957906222746,0.18733393426774397,1.4910425521358093,1.291260303372191
114,dlvm,1000,3,5,0.3,2,3,10,10,glm,119,True,1.7354633434265145,2.162822721373889,2.12970634059495,1.7354633434265145,2.356358407778679,2.3226697828476115
115,dlvm,1000,3,100,0.3,2,3,10,10,glm,453,True,-1.188983042886019,0.8448786505850354,0.6771624571102879,-1.1889830428860189,1.1535090937686845,0.910336761292881
116,dlvm,1000,3,5,0.1,2,3,400,10,glm,204,True,3.913315266451704,2.104139336483556,2.15628096497726,3.913315266451704,2.2677174570204848,2.286014333142976
117,dlvm,1000,3,100,0.1,2,3,400,10,glm,662,True,-1.0728802983110013,1.9438224908242268,0.6564492365019106,-1.0728802983110015,2.0721079222386054,0.7205915720165446
118,dlvm,1000,3,5,0.3,2,3,400,10,glm,205,True,3.8960747775340505,2.542481616506513,2.4913796001732127,3.8960747775340514,2.5012637052598317,2.474376883837909
119,dlvm,1000,3,100,0.3,2,3,400,10,glm,662,True,-0.2562338637476578,2.569011753974737,1.291792911207152,-0.2562338637476578,2.682612928517741,1.3631496632421665
120,lrmf,1000,3,5,0.1,2,3,10,0.1,glm,120,True,1.092543736006303,1.085324812289457,1.0850537550722947,1.0925437360063028,1.0762957650274192,1.076098037772959
121,lrmf,1000,3,100,0.1,2,3,10,0.1,glm,417,True,8.253356604609722,8.2066752618957,7.830465908686165,8.25335660460972,8.836626472116842,8.839051788844918
122,lrmf,1000,3,5,0.3,2,3,10,0.1,glm,120,True,1.07939227592526,1.0787219071263578,1.0789377807668643,1.07939227592526,1.077983978090564,1.0775019401616133
123,lrmf,1000,3,100,0.3,2,3,10,0.1,glm,409,True,7.249648934358106,7.1610617699467145,6.909477833754977,7.249648934358106,8.646014313764793,8.645210048814892
124,lrmf,1000,3,5,0.1,2,3,400,0.1,glm,206,True,1.3654492169022474,1.3624098428066453,1.3622927563434963,1.3654492169022476,1.4628385547879075,1.4628665289788227
125,lrmf,1000,3,100,0.1,2,3,400,0.1,glm,659,True,1.974874259129695,1.9435464797184139,1.7708063826680789,1.974874259129695,2.069272839321863,1.9087207346119197
126,lrmf,1000,3,5,0.3,2,3,400,0.1,glm,206,True,1.3160900935381046,1.3084126288835165,1.3086921533281881,1.3160900935381046,1.4638024410383355,1.463695064195327
127,lrmf,1000,3,100,0.3,2,3,400,0.1,glm,660,True,1.9193394646031023,1.9033098482983313,1.78391861781399,1.9193394646031021,2.040915723686128,1.9416177656980034
128,lrmf,1000,3,5,0.1,2,3,10,1,glm,126,True,1.6910162955287191,1.6974625898631681,1.7003318337276783,1.6910162955287191,1.4253713654248947,1.4281486167584745
129,lrmf,1000,3,100,0.1,2,3,10,1,glm,452,True,1.750817566386812,1.8214125579472311,1.7888723629214511,1.7508175663868122,1.9457667750722145,1.9304081590766282
130,lrmf,1000,3,5,0.3,2,3,10,1,glm,127,True,1.325295763645637,1.3125272646060833,1.306905707691159,1.3252957636456375,1.4068201545580576,1.4090027998708814
131,lrmf,1000,3,100,0.3,2,3,10,1,glm,454,True,1.522710952563324,1.819156192079651,1.6322495479658863,1.5227109525633238,1.972792577976223,1.8038184221127176
132,lrmf,1000,3,5,0.1,2,3,400,1,glm,210,True,1.3703924816032882,1.260411515504729,1.2599369981983635,1.3703924816032882,1.4895358081536683,1.4885317342869815
133,lrmf,1000,3,100,0.1,2,3,400,1,glm,669,True,2.1426592322879463,1.9438622105442116,1.845188698644491,2.1426592322879467,2.020577325717212,1.9372115067502278
134,lrmf,1000,3,5,0.3,2,3,400,1,glm,212,True,1.38910656635416,1.3658790387528268,1.3659605595149575,1.38910656635416,1.3983074541029448,1.3982294723618613
135,lrmf,1000,3,100,0.3,2,3,400,1,glm,669,True,2.3756785127972564,1.9815079507802977,1.8159287786108127,2.375678512797257,2.086335900713381,1.9381113307980404
136,lrmf,1000,3,5,0.1,2,3,10,10,glm,134,True,1.7860004186314977,1.7964635851606285,1.7981687533081125,1.786000418631498,1.5732384034185583,1.573725569039624
137,lrmf,1000,3,100,0.1,2,3,10,10,glm,457,True,2.3328857433850976,1.6409488376563288,1.7482479171718461,2.332885743385098,1.7401869454567875,1.8452539313858933
138,lrmf,1000,3,5,0.3,2,3,10,10,glm,135,True,1.8351062963295484,1.827880364518533,1.8213564663384862,1.8351062963295488,1.577225460927861,1.5757025054530942
139,lrmf,1000,3,100,0.3,2,3,10,10,glm,457,True,1.6778873758595318,1.6509711785841907,1.7717294443121734,1.6778873758595312,1.8087371629968871,1.925896457501903
140,lrmf,1000,3,5,0.1,2,3,400,10,glm,218,True,1.9548831807071514,1.9259991387029396,1.9267655518039006,1.954883180707152,1.8054074694540185,1.8039322190634466
141,lrmf,1000,3,100,0.1,2,3,400,10,glm,674,True,1.6934975846214388,1.6104644596230795,1.7230433622304653,1.6934975846214388,1.6774004457740352,1.7881581677752154
142,lrmf,1000,3,5,0.3,2,3,400,10,glm,218,True,1.625638083803407,1.4986006045313083,1.4929985179396985,1.6256380838034068,1.569554524152381,1.5633928010026028
143,lrmf,1000,3,100,0.3,2,3,400,10,glm,680,True,1.3648242474385384,1.581842584658617,1.4854486937161062,1.3648242474385381,1.6456315412282823,1.5610160905255168
144,dlvm,1000,3,5,0.1,3,3,10,0.1,glm,136,True,1.7322776364487291,1.6531676470908891,1.6557049069616276,1.7322776364487285,1.3008953532662448,1.301130910494255
145,dlvm,1000,3,100,0.1,3,3,10,0.1,glm,416,True,2.1300323438526294,2.896693788354824,2.6932364601487535,2.1300323438526294,4.0330309708797225,3.6060276927871246
146,dlvm,1000,3,5,0.3,3,3,10,0.1,glm,135,True,1.8274588478118656,1.660988975987837,1.7110384064448283,1.8274588478118654,1.306518746849521,1.3065803431601481
147,dlvm,1000,3,100,0.3,3,3,10,0.1,glm,417,True,2.614712313847773,3.032398895768061,2.943391863154446,2.6147123138477726,4.63348891407769,4.254219774846079
148,dlvm,1000,3,5,0.1,3,3,400,0.1,glm,219,True,2.6272823440582243,2.5329378749855067,2.638048773988526,2.627282344058224,2.5183861257381936,2.6578030254187426
149,dlvm,1000,3,100,0.1,3,3,400,0.1,glm,678,True,2.078059459954942,2.834311975713831,1.554993543908791,2.0780594599549422,3.1438564868776915,1.6913505208738981
150,dlvm,1000,3,5,0.3,3,3,400,0.1,glm,221,True,2.358887195038973,2.462039180458118,2.6121257859749325,2.3588871950389736,2.4929207821783295,2.637303076041645
151,dlvm,1000,3,100,0.3,3,3,400,0.1,glm,681,True,2.136086018769403,2.9691559286096236,1.561126099312475,2.1360860187694035,3.2735560309500884,1.704685871853833
152,dlvm,1000,3,5,0.1,3,3,10,1,glm,141,True,2.8925832665414166,2.6644061271560906,2.60367359019663,2.8925832665414157,2.447191730898686,2.4938214852135503
153,dlvm,1000,3,100,0.1,3,3,10,1,glm,466,True,1.9776044741067376,2.1382048513195437,1.9051109663973929,1.9776044741067376,2.376613429961131,2.044695530984244
154,dlvm,1000,3,5,0.3,3,3,10,1,glm,140,True,2.960068566597187,2.859304124462426,2.87627058968181,2.960068566597187,2.4725144535024124,2.5233105873336132
155,dlvm,1000,3,100,0.3,3,3,10,1,glm,465,True,2.234328304451301,2.2999679246580387,1.9541043043618433,2.2343283044513016,2.549037760300852,2.133562232761887
156,dlvm,1000,3,5,0.1,3,3,400,1,glm,225,True,2.283498177491452,2.0247447359463813,2.2482526923507624,2.283498177491452,2.1994892082222335,2.380923072492855
157,dlvm,1000,3,100,0.1,3,3,400,1,glm,683,True,2.6598051879807945,3.3309756578122744,2.1742702881554794,2.6598051879807945,3.512320814077059,2.2699997605643105
158,dlvm,1000,3,5,0.3,3,3,400,1,glm,228,True,2.2835319549540247,2.1244966890018073,2.3212424532161156,2.2835319549540247,2.3080417617351077,2.4585188154555304
159,dlvm,1000,3,100,0.3,3,3,400,1,glm,681,True,3.8491471530142127,3.4387906974610996,2.0029635949900637,3.849147153014213,3.619200656319151,2.117949088595526
160,dlvm,1000,3,5,0.1,3,3,10,10,glm,147,True,3.151816061474994,2.370788770192831,2.328351760203354,3.1518160614749946,2.4813973526883806,2.533352492067776
161,dlvm,1000,3,100,0.1,3,3,10,10,glm,481,True,1.4829801869785535,1.798141887542963,1.9000506708131315,1.4829801869785535,2.0416133557148712,2.0177454590421693
162,dlvm,1000,3,5,0.3,3,3,10,10,glm,147,True,2.1747499166752267,2.295329921305339,2.3297001429842847,2.174749916675226,2.4331022027387172,2.4884461813275505
163,dlvm,1000,3,100,0.3,3,3,10,10,glm,485,True,1.7392913341955105,2.3221725299158487,2.0544841330444688,1.7392913341955103,2.485128416619269,2.146191750022188
164,dlvm,1000,3,5,0.1,3,3,400,10,glm,233,True,2.4627331154492906,2.4188555935036717,2.654398430668385,2.46273311544929,2.389175220785431,2.6016942588787417
165,dlvm,1000,3,100,0.1,3,3,400,10,glm,694,True,-2.6506270349333083,2.9512775909851814,1.8236440794649877,-2.6506270349333083,3.0338823949068705,1.8078809115441026
166,dlvm,1000,3,5,0.3,3,3,400,10,glm,235,True,1.9442340268605254,2.143742467832099,2.4118954680129727,1.944234026860525,2.3173838867090053,2.521077101007038
167,dlvm,1000,3,100,0.3,3,3,400,10,glm,693,True,-6.589524939123138,2.967244328628551,1.5617815945148563,-6.589524939123139,3.098554588712493,1.6218275283017354
168,lrmf,1000,3,5,0.1,3,3,10,0.1,glm,151,True,1.0640650295250749,1.0774221113906393,1.1186593510210514,1.0640650295250749,1.0420886535073004,1.0426860067311472
169,lrmf,1000,3,100,0.1,3,3,10,0.1,glm,441,True,4.9492804558092915,4.672623427929739,4.248156209623517,4.949280455809292,8.317209502098473,8.316349090545204
170,lrmf,1000,3,5,0.3,3,3,10,0.1,glm,152,True,1.0155542483752216,1.0418479536539849,1.0439472844911961,1.0155542483752213,1.0428241449370912,1.0422967215157979
171,lrmf,1000,3,100,0.3,3,3,10,0.1,glm,438,True,4.800126385968841,4.705209738000583,4.499843653145945,4.80012638596884,8.323456000064965,8.322883170374789
172,lrmf,1000,3,5,0.1,3,3,400,0.1,glm,238,True,1.5489561086220438,1.5490923525103386,1.5478384541177714,1.5489561086220436,1.4582043209466375,1.4570408682536902
173,lrmf,1000,3,100,0.1,3,3,400,0.1,glm,696,True,0.5274938442769677,0.6942883920391036,0.24990331109659092,0.5274938442769678,0.8414406318947352,0.4143018172315739
174,lrmf,1000,3,5,0.3,3,3,400,0.1,glm,239,True,1.5730467088637783,1.5734151257336282,1.5720027345438825,1.5730467088637783,1.4989787382491528,1.4986543922290054
175,lrmf,1000,3,100,0.3,3,3,400,0.1,glm,695,True,0.5372275017063569,0.66817606855634,0.27401772306695626,0.5372275017063569,0.8133964677508158,0.4468531237375727
176,lrmf,1000,3,5,0.1,3,3,10,1,glm,159,True,1.2313106637814157,1.2452664256989867,1.24540617342174,1.2313106637814162,1.2983577836105828,1.298584774034159
177,lrmf,1000,3,100,0.1,3,3,10,1,glm,480,True,-0.21936802962104132,0.7130643390681475,0.2474316305568922,-0.21936802962104138,0.8762957137603564,0.43764519503261695
178,lrmf,1000,3,5,0.3,3,3,10,1,glm,160,True,1.1261453520413431,1.1318229524479144,1.1280538067978818,1.1261453520413431,1.2976513572248496,1.2977666763890598
179,lrmf,1000,3,100,0.3,3,3,10,1,glm,480,True,0.7810309692600762,0.747671196580701,0.3290776547955802,0.7810309692600762,0.8858137920314069,0.49353950128525725
180,lrmf,1000,3,5,0.1,3,3,400,1,glm,244,True,1.348131984815766,1.3177007258631153,1.3274165237421813,1.3481319848157656,1.263619243878203,1.2667615572758266
181,lrmf,1000,3,100,0.1,3,3,400,1,glm,702,True,-0.12219896944642937,0.5155091351142365,0.16865135311373924,-0.12219896944642937,0.5891162926291953,0.27251990186206326
182,lrmf,1000,3,5,0.3,3,3,400,1,glm,249,True,1.2536511823372056,1.2404758079153373,1.2411189439952444,1.2536511823372058,1.2709175032827247,1.2719791772879834
183,lrmf,1000,3,100,0.3,3,3,400,1,glm,703,True,0.09489490773654745,0.4691867648189145,0.07244417461046826,0.09489490773654743,0.5684449965172087,0.20980422721778377
184,lrmf,1000,3,5,0.1,3,3,10,10,glm,166,True,1.8682359939096431,1.8767490739522286,1.8618676555544846,1.8682359939096431,1.5629837034670016,1.563761829343415
185,lrmf,1000,3,100,0.1,3,3,10,10,glm,494,True,0.09349804110598038,0.7792528481353634,0.6977454744177886,0.0934980411059804,0.9371187977226795,0.8659283486703632
186,lrmf,1000,3,5,0.3,3,3,10,10,glm,167,True,1.9120289564214947,1.918758913008837,1.9190505816829069,1.9120289564214945,1.586651603417186,1.588152413857926
187,lrmf,1000,3,100,0.3,3,3,10,10,glm,494,True,0.3648692971658,0.38563424359798737,0.13088310844984263,0.3648692971658,0.5278694045250671,0.2956983498033703
188,lrmf,1000,3,5,0.1,3,3,400,10,glm,252,True,1.4790894055227732,1.3558315199234618,1.353667768663385,1.4790894055227732,1.408098466212953,1.4100560338019426
189,lrmf,1000,3,100,0.1,3,3,400,10,glm,714,True,-0.1426887284489842,0.43673379607222174,0.13705431085453357,-0.14268872844898417,0.5310446873382944,0.2588052047270605
190,lrmf,1000,3,5,0.3,3,3,400,10,glm,254,True,1.7773869679695367,1.6997907831571435,1.7148500082945164,1.777386967969537,1.6180054588556831,1.619948046123372
191,lrmf,1000,3,100,0.3,3,3,400,10,glm,713,True,0.10067131092124987,0.8205892124526607,0.513598162351056,0.10067131092124983,0.832076565000699,0.5189755701144432
192,dlvm,1000,3,5,0.1,4,3,10,0.1,glm,169,True,1.3290078019640872,1.31171966981114,1.2987234837203232,1.329007801964087,1.217378600603591,1.21697379291589
193,dlvm,1000,3,100,0.1,4,3,10,0.1,glm,452,True,0.49386693478971333,0.8680263319406869,0.7396129289977473,0.49386693478971316,1.6015325240675167,1.3032316013702607
194,dlvm,1000,3,5,0.3,4,3,10,0.1,glm,171,True,1.3889957469589498,1.4031216118019751,1.4057860152155541,1.3889957469589496,1.2196853174990419,1.219308399084484
195,dlvm,1000,3,100,0.3,4,3,10,0.1,glm,452,True,1.7307887721264856,1.3179517479435165,1.1672240180230116,1.7307887721264854,2.277058766178296,1.8392219590551593
196,dlvm,1000,3,5,0.1,4,3,400,0.1,glm,258,True,2.1540581384859534,2.091528599454586,2.183608643597232,2.1540581384859543,2.1935201599913556,2.3119237228486544
197,dlvm,1000,3,100,0.1,4,3,400,0.1,glm,718,True,0.6689435755938673,1.48700529101405,-0.00771687961864842,0.6689435755938673,1.7826974985009982,0.1617682397462744
198,dlvm,1000,3,5,0.3,4,3,400,0.1,glm,260,True,2.1134032583254045,2.204624847383746,2.2765338278117673,2.113403258325405,2.3015853527830505,2.4363550282580935
199,dlvm,1000,3,100,0.3,4,3,400,0.1,glm,720,True,0.5133002568711125,1.290693290688779,-0.1596229505658613,0.5133002568711124,1.5995586413100695,-0.009522931521576752
200,dlvm,1000,3,5,0.1,4,3,10,1,glm,175,True,3.6993437573982155,2.3920437068283515,2.3293473194851084,3.699343757398216,2.1383876732509086,2.18385407681517
201,dlvm,1000,3,100,0.1,4,3,10,1,glm,504,True,-0.8467725031464459,-0.3820953678247805,-0.5847331003708791,-0.8467725031464459,0.07610938281117718,-0.28332777745158727
202,dlvm,1000,3,5,0.3,4,3,10,1,glm,176,True,2.3567512222989317,1.952158384726149,2.0030467233040143,2.3567512222989317,2.1419097897329,2.2047201497118336
203,dlvm,1000,3,100,0.3,4,3,10,1,glm,498,True,-0.5720104663472376,-0.4092108257488307,-0.6854754867930541,-0.5720104663472378,-0.03673911622638966,-0.3345335624600615
204,dlvm,1000,3,5,0.1,4,3,400,1,glm,263,True,3.0562855940077505,1.8550174090571012,2.053311418042596,3.0562855940077505,2.0199728214806423,2.197994898398493
205,dlvm,1000,3,100,0.1,4,3,400,1,glm,723,True,-6.764394331243085,2.021219554414709,-0.2973471755119821,-6.764394331243084,2.1901979387308477,-0.12108540749622787
206,dlvm,1000,3,5,0.3,4,3,400,1,glm,265,True,3.111915799234785,2.0690143115435085,2.2395162007704776,3.1119157992347857,2.082410304017231,2.2725287300495536
207,dlvm,1000,3,100,0.3,4,3,400,1,glm,724,True,-23.992364589041664,2.0498833905627776,0.012926263123476334,-23.992364589041664,2.2693919943369436,0.18955852077829582
208,dlvm,1000,3,5,0.1,4,3,10,10,glm,184,True,3.6640743402568234,2.494084809828689,2.5182095113013117,3.664074340256824,2.1552305336285222,2.215155099780188
209,dlvm,1000,3,100,0.1,4,3,10,10,glm,516,True,5.438585834012333,0.3956461042237548,0.08304515663214376,5.438585834012331,0.4483189708558362,0.08938132916467321
210,dlvm,1000,3,5,0.3,4,3,10,10,glm,187,True,3.777340060262096,2.534445066751763,2.539435753388964,3.7773400602620963,2.209175673417263,2.2554008116097104
211,dlvm,1000,3,100,0.3,4,3,10,10,glm,517,True,0.3764688750995815,0.31929858304074493,0.01750576672599083,0.37646887509958143,0.5006334977083009,0.13103839569961545
212,dlvm,1000,3,5,0.1,4,3,400,10,glm,272,True,2.7984401388110336,1.835819041133424,2.1223817999967007,2.798440138811034,2.0489234823346467,2.282262853748603
213,dlvm,1000,3,100,0.1,4,3,400,10,glm,727,True,-49.11242794080206,1.6617346977470369,-0.04383229045126824,-49.11242794080204,1.7989375945541792,0.05972858250623997
214,dlvm,1000,3,5,0.3,4,3,400,10,glm,272,True,3.325634993241033,2.0873488037227794,2.3241408989790866,3.325634993241032,2.0747664626562066,2.3010629694497853
215,dlvm,1000,3,100,0.3,4,3,400,10,glm,732,True,-54.96522665281581,1.52966671100869,-0.2567750276370353,-54.96522665281581,1.6703713695052018,-0.17286410980213573
216,lrmf,1000,3,5,0.1,4,3,10,0.1,glm,187,True,1.0509573451886784,1.055280854679971,1.055119556169302,1.0509573451886782,1.0390631292674772,1.0396292228423956
217,lrmf,1000,3,100,0.1,4,3,10,0.1,glm,482,True,6.146303448694675,6.583313570073464,6.077292033767115,6.146303448694676,7.241825038826381,7.230212373129814
218,lrmf,1000,3,5,0.3,4,3,10,0.1,glm,188,True,1.0169996316995673,1.0166781568519134,1.0136453799786977,1.0169996316995673,1.0406523442897093,1.0404502898146852
219,lrmf,1000,3,100,0.3,4,3,10,0.1,glm,484,True,4.6557203520715635,4.5259500025889,4.799678951166387,4.655720352071562,7.209773286374963,7.206761788796475
220,lrmf,1000,3,5,0.1,4,3,400,0.1,glm,270,True,1.272539154180245,1.271634191869989,1.2712247582327443,1.2725391541802455,1.3668830010443846,1.3649372469070167
221,lrmf,1000,3,100,0.1,4,3,400,0.1,glm,736,True,0.5712613951559167,0.6340639728051087,0.22437811810132402,0.5712613951559167,0.7873596445637809,0.3938310550196792
222,lrmf,1000,3,5,0.3,4,3,400,0.1,glm,275,True,1.4167217357063107,1.4169397526638214,1.412722756909801,1.4167217357063107,1.3846324623490431,1.3826014554095847
223,lrmf,1000,3,100,0.3,4,3,400,0.1,glm,735,True,0.5252836797508089,0.6172373673001967,0.18771862439101206,0.5252836797508088,0.7625075744305749,0.3552107892748977
224,lrmf,1000,3,5,0.1,4,3,10,1,glm,196,True,1.2821151988604975,1.3080898595195076,1.3085271918253842,1.2821151988604973,1.2631555378288077,1.264104428800953
225,lrmf,1000,3,100,0.1,4,3,10,1,glm,520,True,0.4932384407704693,0.5122126216095251,0.3079673726989154,0.49323844077046913,0.6687514442666216,0.4573493497103871
226,lrmf,1000,3,5,0.3,4,3,10,1,glm,196,True,1.4137925300922465,1.4351389347653303,1.4474024428879377,1.4137925300922465,1.2349255573132933,1.238560650166898
227,lrmf,1000,3,100,0.3,4,3,10,1,glm,520,True,0.25919454625888155,0.4622680340815011,0.247591416266431,0.25919454625888155,0.6254367577348079,0.40575114749006375
228,lrmf,1000,3,5,0.1,4,3,400,1,glm,282,True,1.352421410220963,1.2267048180013136,1.2416073267785122,1.3524214102209628,1.4309437753863472,1.4345959279210745
229,lrmf,1000,3,100,0.1,4,3,400,1,glm,738,True,0.43775727154132116,0.8122289006906558,0.42237962700086096,0.43775727154132127,0.9005188595476062,0.5333786974815657
230,lrmf,1000,3,5,0.3,4,3,400,1,glm,284,True,0.9095707815607107,0.8592334790350482,0.8343930716919763,0.9095707815607105,1.165539222287629,1.1676488344946747
231,lrmf,1000,3,100,0.3,4,3,400,1,glm,749,True,0.4811632609241134,0.7741872259915293,0.4896767619868011,0.48116326092411327,0.8805198512907103,0.615650081596382
232,lrmf,1000,3,5,0.1,4,3,10,10,glm,205,True,1.7858697466340046,1.7945128741902676,1.791278296003201,1.785869746634005,1.5118945238368768,1.5146092768672068
233,lrmf,1000,3,100,0.1,4,3,10,10,glm,535,True,0.753838346936478,0.7710521043255294,0.649201370897299,0.753838346936478,0.8942453007173259,0.7796983084425361
234,lrmf,1000,3,5,0.3,4,3,10,10,glm,205,True,1.7871401453114226,1.796208210087637,1.7874393105917932,1.7871401453114226,1.5329170041066655,1.536922126629757
235,lrmf,1000,3,100,0.3,4,3,10,10,glm,533,True,0.006638202411041078,0.3214886870677516,0.2435476242472084,0.006638202411041076,0.501255604513073,0.4224606466434993
236,lrmf,1000,3,5,0.1,4,3,400,10,glm,290,True,1.480884518114679,1.1581266882936117,1.1952717053300113,1.480884518114679,1.3714737008778384,1.3882653374950973
237,lrmf,1000,3,100,0.1,4,3,400,10,glm,750,True,0.2485091988449022,0.7326607074340997,0.4018647558136661,0.24850919884490216,0.7853614865769465,0.45213229530411037
238,lrmf,1000,3,5,0.3,4,3,400,10,glm,292,True,1.6255426435513949,1.373592217648263,1.4180190027214366,1.6255426435513949,1.5692801274368342,1.5833188546525077
239,lrmf,1000,3,100,0.3,4,3,400,10,glm,750,True,0.22348920440736947,0.8901125363912865,0.4262664506238887,0.22348920440736947,0.9702667675448402,0.5239903418834045
240,dlvm,1000,3,5,0.1,5,3,10,0.1,glm,207,True,1.6584634274278411,1.6297791561825363,1.6430205449587447,1.6584634274278411,1.4529853513457258,1.4536450038849875
241,dlvm,1000,3,100,0.1,5,3,10,0.1,glm,491,True,0.8465534722817177,1.8782599572927978,1.7524479710500565,0.8465534722817176,2.738703823862056,2.4124030859587555
242,dlvm,1000,3,5,0.3,5,3,10,0.1,glm,209,True,1.9266897604088236,1.8400144653818025,1.8310151781874566,1.9266897604088233,1.4649006362598458,1.4656610567005928
243,dlvm,1000,3,100,0.3,5,3,10,0.1,glm,491,True,0.5381784616972859,1.190645787499367,1.1834685752266125,0.538178461697286,2.4514763622117357,2.1811838070636047
244,dlvm,1000,3,5,0.1,5,3,400,0.1,glm,295,True,2.673703617879466,2.445250062524879,2.5931894019726833,2.6737036178794655,2.532286614233211,2.6650209006883596
245,dlvm,1000,3,100,0.1,5,3,400,0.1,glm,755,True,1.2454408468062925,1.9449723763552882,0.702807402420538,1.2454408468062927,2.3081186702058853,0.8752089786325028
246,dlvm,1000,3,5,0.3,5,3,400,0.1,glm,298,True,2.4069351302016893,2.3963606671748465,2.561218968278208,2.406935130201689,2.520886276738633,2.6595199674503833
247,dlvm,1000,3,100,0.3,5,3,400,0.1,glm,758,True,1.262854310241009,1.9510872941138846,0.6781421396862797,1.2628543102410088,2.3431663019445352,0.8451725799553722
248,dlvm,1000,3,5,0.1,5,3,10,1,glm,216,True,3.4655374230601192,3.026596379159694,3.051896514235773,3.4655374230601192,2.434414674578307,2.5040454773883964
249,dlvm,1000,3,100,0.1,5,3,10,1,glm,546,True,2.8441385384395637,0.10256814598791109,0.1777489366654319,2.844138538439563,0.3896671480754537,0.2560624050868709
250,dlvm,1000,3,5,0.3,5,3,10,1,glm,218,True,3.0836342006811357,2.7837345723051232,2.8138601900237035,3.0836342006811357,2.555216670824337,2.6372750127693267
251,dlvm,1000,3,100,0.3,5,3,10,1,glm,554,True,6.169340987240758,0.6870280284014946,0.2658923332375416,6.169340987240758,0.7574107686644972,0.2870116968868049
252,dlvm,1000,3,5,0.1,5,3,400,1,glm,303,True,2.5668940340784974,2.2634212268776253,2.4461570926009797,2.5668940340784974,2.4503113982641467,2.622417299366556
253,dlvm,1000,3,100,0.1,5,3,400,1,glm,762,True,1.1352284811330469,2.7254199668635968,0.7441944065652759,1.135228481133047,2.918061296965268,0.9091715938946059
254,dlvm,1000,3,5,0.3,5,3,400,1,glm,305,True,1.5741746195628565,1.799860759322356,1.9876810762598427,1.574174619562857,2.1186184565457595,2.27058926144104
255,dlvm,1000,3,100,0.3,5,3,400,1,glm,764,True,85.29900532743642,2.665370972137266,0.9173935595877148,85.29900532743639,2.8479402965335203,1.0587157318041251
256,dlvm,1000,3,5,0.1,5,3,10,10,glm,226,True,3.32451788624694,2.7878697997584285,2.7664132907645835,3.3245178862469396,2.570762765787501,2.6437214369134536
257,dlvm,1000,3,100,0.1,5,3,10,10,glm,567,True,10.487061480585131,0.33398166435894633,0.13451527060629073,10.48706148058513,0.5351036305416966,0.21109284353398045
258,dlvm,1000,3,5,0.3,5,3,10,10,glm,230,True,2.5246341905194587,2.685832098957219,2.7073548977556303,2.5246341905194583,2.5067333083049808,2.5763337765587635
259,dlvm,1000,3,100,0.3,5,3,10,10,glm,561,True,11.449833321749672,0.2694569808866034,-0.03949134956180474,11.449833321749674,0.5607358511221109,0.16943388363874937
260,dlvm,1000,3,5,0.1,5,3,400,10,glm,313,True,3.4597601988224995,2.4395444581443284,2.7042501686274356,3.4597601988225004,2.497381383066123,2.717620145502839
261,dlvm,1000,3,100,0.1,5,3,400,10,glm,775,True,107.27322003258959,2.251388622372517,0.9027031529015166,107.27322003258958,2.376031909682455,0.9952190426251184
262,dlvm,1000,3,5,0.3,5,3,400,10,glm,316,True,4.9910573637306985,2.270160649015636,2.505354856428336,4.991057363730697,2.4362243951131846,2.632824301231993
263,dlvm,1000,3,100,0.3,5,3,400,10,glm,775,True,225.3511769345598,2.092381476177729,0.9517496740721474,225.35117693455973,2.2026434593811057,1.022342403337892
264,lrmf,1000,3,5,0.1,5,3,10,0.1,glm,230,True,1.03612313496759,1.035281868943013,1.0414571756846271,1.0361231349675897,1.032403573905294,1.0329182553927156
265,lrmf,1000,3,100,0.1,5,3,10,0.1,glm,520,True,8.78700974592963,8.850558907860329,8.886617718858929,8.787009745929629,8.548874621449096,8.550592695830995
266,lrmf,1000,3,5,0.3,5,3,10,0.1,glm,232,True,1.0004136507825327,1.0269534899091468,1.0260999360616552,1.000413650782533,1.0315632636431433,1.0312687145471968
267,lrmf,1000,3,100,0.3,5,3,10,0.1,glm,521,True,6.937031260772468,6.584718157775356,6.4833681513991905,6.9370312607724705,8.50500807946461,8.501406415329349
268,lrmf,1000,3,5,0.1,5,3,400,0.1,glm,320,True,1.7621922732873732,1.7624921201030954,1.7603292868927332,1.762192273287373,1.6141083642766074,1.6108693562790604
269,lrmf,1000,3,100,0.1,5,3,400,0.1,glm,775,True,1.0041976399549961,1.035234522567639,1.0835368003849233,1.004197639954996,1.1693887131150944,1.2301774105244996
270,lrmf,1000,3,5,0.3,5,3,400,0.1,glm,320,True,1.8684974320101846,1.8668859041592718,1.8653448660661915,1.868497432010184,1.6731349747200874,1.6707534516172613
271,lrmf,1000,3,100,0.3,5,3,400,0.1,glm,779,True,0.9873708017731376,0.9757061061852568,1.0356422661111893,0.9873708017731374,1.104892622982424,1.1619555910404058
272,lrmf,1000,3,5,0.1,5,3,10,1,glm,242,True,1.589976652120802,1.616775551024201,1.6178958567547355,1.5899766521208023,1.3979029717221934,1.401135876357261
273,lrmf,1000,3,100,0.1,5,3,10,1,glm,570,True,4.1736003482284785,3.9646155693352596,4.057389830381315,4.173600348228478,4.154381983194953,4.2128723225986775
274,lrmf,1000,3,5,0.3,5,3,10,1,glm,242,True,1.346585548735845,1.4023261362080106,1.39595006905997,1.3465855487358451,1.381985225391951,1.3841769530356947
275,lrmf,1000,3,100,0.3,5,3,10,1,glm,568,True,1.1266737141259713,1.1388839317285253,1.1242541149584449,1.1266737141259713,1.2666825329349434,1.2570898411775482
276,lrmf,1000,3,5,0.1,5,3,400,1,glm,327,True,2.6436760112307574,2.150439649198388,2.1766638930596316,2.643676011230757,1.9705550557813785,1.982020509595283
277,lrmf,1000,3,100,0.1,5,3,400,1,glm,783,True,1.0286528214241744,0.9977118568498113,1.001199359588849,1.0286528214241744,1.0852370427798876,1.0902975968083966
278,lrmf,1000,3,5,0.3,5,3,400,1,glm,330,True,2.59300243642703,2.1414773658262973,2.1722422654613687,2.5930024364270294,1.9192533158853973,1.9329433860376861
279,lrmf,1000,3,100,0.3,5,3,400,1,glm,787,True,1.2434565895787544,1.0269835399665643,1.128746205853696,1.243456589578754,1.1381383449091949,1.2460684228085004
280,lrmf,1000,3,5,0.1,5,3,10,10,glm,251,True,1.7535886790809991,1.7498347267982577,1.7491468796920933,1.7535886790809985,1.5112383518166588,1.5113575010319824
281,lrmf,1000,3,100,0.1,5,3,10,10,glm,574,True,1.1443222224301464,0.8180047726964984,0.962255931693219,1.1443222224301461,0.9499795657117832,1.0963778029396922
282,lrmf,1000,3,5,0.3,5,3,10,10,glm,251,True,1.763865826036288,1.775336722668236,1.7758805849310797,1.7638658260362876,1.5312928634441048,1.5318352441428902
283,lrmf,1000,3,100,0.3,5,3,10,10,glm,579,True,1.5693833744200378,1.071223772018181,1.347745375354383,1.5693833744200378,1.180508778002809,1.4595430992245337
284,lrmf,1000,3,5,0.1,5,3,400,10,glm,337,True,1.9844347580259645,1.9223596684114714,1.9282133277447149,1.984434758025965,1.972243616355047,1.972088860029569
285,lrmf,1000,3,100,0.1,5,3,400,10,glm,797,True,1.3475823026214444,1.1809355753149107,1.1970954914094758,1.3475823026214442,1.2565026767232468,1.2481763793424399
286,lrmf,1000,3,5,0.3,5,3,400,10,glm,338,True,2.732845848748653,2.123504529601039,2.1401984696367506,2.732845848748653,1.9383854015363124,1.9432680067100427
287,lrmf,1000,3,100,0.3,5,3,400,10,glm,803,True,1.1979807127155033,1.1615904062718725,1.202566255473673,1.1979807127155035,1.1868823687805605,1.2331007896971748
288,dlvm,1000,3,5,0.1,6,3,10,0.1,glm,255,True,1.586790625540137,1.5732629880853892,1.5702714942999592,1.5867906255401367,1.43935442352253,1.439302830612982
289,dlvm,1000,3,100,0.1,6,3,10,0.1,glm,541,True,0.1303659618786274,0.9607287494272434,0.6900072206418653,0.13036596187862742,2.1534236652008634,1.7492284425087687
290,dlvm,1000,3,5,0.3,6,3,10,0.1,glm,257,True,1.5646557272826482,1.5412709297349139,1.547174638618344,1.5646557272826482,1.4423526548552832,1.4420644992788842
291,dlvm,1000,3,100,0.3,6,3,10,0.1,glm,540,True,1.6328615461332365,1.2500258727674378,0.8867725573670757,1.6328615461332365,2.3175604721336636,1.850356063636817
292,dlvm,1000,3,5,0.1,6,3,400,0.1,glm,346,True,1.9457247669598703,2.112560000054721,2.391543713845559,1.9457247669598703,2.310925678140281,2.480872507570366
293,dlvm,1000,3,100,0.1,6,3,400,0.1,glm,809,True,-1.1811996854479672,0.1541020628470111,-1.114169039390675,-1.1811996854479674,0.6240430190891718,-0.9392692261204912
294,dlvm,1000,3,5,0.3,6,3,400,0.1,glm,346,True,2.0711873142987276,2.181692568832716,2.4735252186019103,2.071187314298727,2.320703615511296,2.5029860155354924
295,dlvm,1000,3,100,0.3,6,3,400,0.1,glm,806,True,-1.3121701141761728,-0.11648966809653416,-1.1505340720027473,-1.3121701141761728,0.3452745036004894,-0.9736223846912899
296,dlvm,1000,3,5,0.1,6,3,10,1,glm,263,True,3.4616708282014117,2.403855286233114,2.44024582059753,3.461670828201412,2.341192554697267,2.46359737042181
297,dlvm,1000,3,100,0.1,6,3,10,1,glm,588,True,-0.04944406373904576,-0.8421214255913276,-1.1878065280825827,-0.04944406373904576,-0.3985376090726177,-0.8027126604362803
298,dlvm,1000,3,5,0.3,6,3,10,1,glm,265,True,1.8462110203563575,1.8175492996905467,1.956844777760761,1.846211020356357,2.18321045164245,2.2799648676812394
299,dlvm,1000,3,100,0.3,6,3,10,1,glm,592,True,0.12199567566382029,-1.3431666843255616,-1.4527261293099438,0.12199567566382029,-0.8796248050873103,-1.1170105015803649
300,dlvm,1000,3,5,0.1,6,3,400,1,glm,350,True,3.184716795828602,1.7287234030655327,2.125146758420259,3.1847167958286025,2.187890188129066,2.378777032040025
301,dlvm,1000,3,100,0.1,6,3,400,1,glm,808,True,-0.39021367026185405,1.1996273849914447,-0.8894064973366297,-0.3902136702618541,1.4139861341211468,-0.7302587945833275
302,dlvm,1000,3,5,0.3,6,3,400,1,glm,353,True,2.7855916067338504,1.7904053178076373,2.0962074809337654,2.78559160673385,2.1881487634888956,2.3602995612967423
303,dlvm,1000,3,100,0.3,6,3,400,1,glm,812,True,0.18146011186786903,1.05709417784634,-0.49410665911103485,0.18146011186786906,1.2774326277986467,-0.33701779890801026
304,dlvm,1000,3,5,0.1,6,3,10,10,glm,271,True,2.936824375838027,2.5273537950664435,2.6072824991052523,2.9368243758380275,2.3610697478765084,2.4466936058105695
305,dlvm,1000,3,100,0.1,6,3,10,10,glm,611,True,0.510255350315357,-1.0963026297968663,-1.301057693420272,0.510255350315357,-0.4923201651580684,-0.9301484630779953
306,dlvm,1000,3,5,0.3,6,3,10,10,glm,275,True,4.131063063077007,2.2458221027969154,2.226497256001366,4.131063063077007,2.3492904161198345,2.4398065052342788
307,dlvm,1000,3,100,0.3,6,3,10,10,glm,608,True,0.27500357959940447,-0.7022719920465154,-1.0869244209743065,0.27500357959940436,-0.31425347763877487,-0.9177059747603786
308,dlvm,1000,3,5,0.1,6,3,400,10,glm,362,True,5.496168244606529,2.370033066552406,2.4957344117997806,5.496168244606529,2.3124613563086474,2.48973724627855
309,dlvm,1000,3,100,0.1,6,3,400,10,glm,822,True,1.909437056317102,0.9830998687411315,-0.6689223510092364,1.9094370563171024,1.1009195249380925,-0.6072642420027438
310,dlvm,1000,3,5,0.3,6,3,400,10,glm,362,True,4.4537321716585465,1.957067223451328,2.190932442539026,4.453732171658546,2.207871987269666,2.369316658516593
311,dlvm,1000,3,100,0.3,6,3,400,10,glm,823,True,0.19158931172369795,1.05749013239816,-0.48401827027352806,0.19158931172369795,1.2057175744243842,-0.3788803203314071
312,lrmf,1000,3,5,0.1,6,3,10,0.1,glm,279,True,1.3278011885199508,1.3315444793271443,1.3553354388131993,1.3278011885199508,1.1551953169988287,1.1549541204778075
313,lrmf,1000,3,100,0.1,6,3,10,0.1,glm,575,True,7.930261250739056,7.929491676997653,8.175721670675657,7.930261250739055,7.319841660016007,7.322585498443493
314,lrmf,1000,3,5,0.3,6,3,10,0.1,glm,282,True,1.1454465545605699,1.145560881562147,1.192936652339995,1.1454465545605697,1.1547748307558234,1.154660572978022
315,lrmf,1000,3,100,0.3,6,3,10,0.1,glm,567,True,7.598844553234023,7.581913441813807,7.594403923390786,7.598844553234021,7.297190290726629,7.299780238199616
316,lrmf,1000,3,5,0.1,6,3,400,0.1,glm,365,True,1.7347616839728743,1.737928206278184,1.7385604122673577,1.734761683972874,1.6868585958067808,1.6894545493725714
317,lrmf,1000,3,100,0.1,6,3,400,0.1,glm,825,True,0.6617428853640436,0.7037889142492588,0.4645982214418396,0.6617428853640436,0.8238844044122997,0.6191604109114796
318,lrmf,1000,3,5,0.3,6,3,400,0.1,glm,369,True,1.8152777178473236,1.8207021711738491,1.8238976096136703,1.8152777178473232,1.6607041225647436,1.6641710685266502
319,lrmf,1000,3,100,0.3,6,3,400,0.1,glm,824,True,0.7127054401156566,0.7420476988273705,0.48877741661550544,0.7127054401156567,0.8746781983120197,0.6474377865948295
320,lrmf,1000,3,5,0.1,6,3,10,1,glm,287,True,1.2646792828420625,1.289249598524717,1.2463896855128476,1.2646792828420623,1.3725395518567434,1.3756173185259752
321,lrmf,1000,3,100,0.1,6,3,10,1,glm,615,True,0.8179109149042123,0.7881318836786209,0.4639651602701149,0.8179109149042122,0.9196462258943333,0.6075854430063908
322,lrmf,1000,3,5,0.3,6,3,10,1,glm,292,True,0.9607248824872802,0.9739059025237855,0.9575556206053564,0.9607248824872804,1.3663937310050478,1.370738263962243
323,lrmf,1000,3,100,0.3,6,3,10,1,glm,624,True,0.8179721800923069,0.8329369478237301,0.5303680451388961,0.8179721800923068,0.9859639450709331,0.7054214896839713
324,lrmf,1000,3,5,0.1,6,3,400,1,glm,380,True,1.6638390881159748,1.4337618392054672,1.4414416615698096,1.6638390881159746,1.6856778663039194,1.6812160556829077
325,lrmf,1000,3,100,0.1,6,3,400,1,glm,838,True,0.7582082328853803,0.6748930022763844,0.3109156529883501,0.7582082328853802,0.7563121046590322,0.40998069912556445
326,lrmf,1000,3,5,0.3,6,3,400,1,glm,379,True,1.7393215196968899,1.708410387687374,1.7080635930465058,1.73932151969689,1.7845840008431848,1.7785343275697862
327,lrmf,1000,3,100,0.3,6,3,400,1,glm,840,True,0.6797341342169058,0.694555615813373,0.40264841855921674,0.6797341342169056,0.7704065141564572,0.49170946460435433
328,lrmf,1000,3,5,0.1,6,3,10,10,glm,301,True,1.9578316364732682,1.9665170970635537,1.9712471071038629,1.9578316364732684,1.6401639911438213,1.6423116640201412
329,lrmf,1000,3,100,0.1,6,3,10,10,glm,624,True,0.9128944222258686,0.7100376131249619,0.4514861331997403,0.9128944222258683,0.8413591657508388,0.6115277111499046
330,lrmf,1000,3,5,0.3,6,3,10,10,glm,303,True,1.7186431840150111,1.6879942903728151,1.669574209517486,1.7186431840150111,1.5746198769697524,1.5768002608545768
331,lrmf,1000,3,100,0.3,6,3,10,10,glm,626,True,0.9670446653451259,0.6280685084537826,0.4331564275753266,0.9670446653451259,0.7326724315134021,0.5432990253664186
332,lrmf,1000,3,5,0.1,6,3,400,10,glm,388,True,1.9412990076699062,1.398008684116809,1.3805084991084937,1.9412990076699057,1.705043047905387,1.7111156824423268
333,lrmf,1000,3,100,0.1,6,3,400,10,glm,849,True,1.4386725519231063,0.8451257652474357,0.6886670061277331,1.4386725519231063,0.842785180944845,0.6843674077918099
334,lrmf,1000,3,5,0.3,6,3,400,10,glm,388,True,1.764669192418591,1.632504863089244,1.637330868647865,1.764669192418591,1.8589292328550413,1.8620048685778579
335,lrmf,1000,3,100,0.3,6,3,400,10,glm,851,True,1.127695114706078,0.6143560997863022,0.45466586429199307,1.1276951147060783,0.702285178527313,0.5516397885019435
336,dlvm,1000,3,5,0.1,7,3,10,0.1,glm,307,True,1.642760563057356,1.600496531785332,1.5525454334638198,1.6427605630573554,1.1790593831440335,1.1790714503364663
337,dlvm,1000,3,100,0.1,7,3,10,0.1,glm,586,True,1.7904321682481967,2.1366737900858723,2.065020801297642,1.790432168248196,2.9809171050590986,2.670670149189051
338,dlvm,1000,3,5,0.3,7,3,10,0.1,glm,308,True,1.7059436473455973,1.5854259320011614,1.6262907061451415,1.7059436473455978,1.1827623431890562,1.1828638258459865
339,dlvm,1000,3,100,0.3,7,3,10,0.1,glm,589,True,1.4133814824112627,2.0537708654173326,1.8170564614056435,1.4133814824112625,2.7055095643678326,2.360377027892767
340,dlvm,1000,3,5,0.1,7,3,400,0.1,glm,397,True,1.7618298333539113,1.9025471440971842,2.107611423256401,1.761829833353911,2.0810280200992763,2.2319132229281795
341,dlvm,1000,3,100,0.1,7,3,400,0.1,glm,860,True,1.5652652526271422,2.2589889664705396,0.7599084476632408,1.5652652526271422,2.593586656114334,0.9836594204132882
342,dlvm,1000,3,5,0.3,7,3,400,0.1,glm,401,True,1.9597571898430304,1.9881171895025922,2.1187813121646215,1.9597571898430306,2.1000774351089118,2.245350800534359
343,dlvm,1000,3,100,0.3,7,3,400,0.1,glm,861,True,1.4602973187040356,2.102737263115559,0.7809736449362639,1.460297318704036,2.3977656590422165,0.960072022883956
344,dlvm,1000,3,5,0.1,7,3,10,1,glm,318,True,1.927772616235141,2.178514633608937,2.198373138916678,1.9277726162351412,2.166113328177906,2.211198678901743
345,dlvm,1000,3,100,0.1,7,3,10,1,glm,650,True,0.30305528830755574,0.522783027550838,0.4124349390269806,0.3030552883075557,0.8667174484711565,0.5742104313409622
346,dlvm,1000,3,5,0.3,7,3,10,1,glm,317,True,2.4743945904221154,2.050742783667624,2.0638032263234893,2.4743945904221154,2.2972096733871,2.3836392260922543
347,dlvm,1000,3,100,0.3,7,3,10,1,glm,642,True,-0.20847419144053625,0.37503263389653196,0.2767146912829742,-0.20847419144053617,0.7386305157079951,0.4857750673231247
348,dlvm,1000,3,5,0.1,7,3,400,1,glm,406,True,1.9801091899994512,1.6214434520879337,1.8445433097606787,1.980109189999451,1.8448167434470724,2.0234802681394215
349,dlvm,1000,3,100,0.1,7,3,400,1,glm,865,True,-9.779576454266817,3.0271960770506254,0.981792557402708,-9.779576454266817,3.239645113090387,1.112407895234269
350,dlvm,1000,3,5,0.3,7,3,400,1,glm,410,True,2.241989888844425,1.8304200216408264,2.0215192116406255,2.2419898888444254,1.9551583755254212,2.1388120996715947
351,dlvm,1000,3,100,0.3,7,3,400,1,glm,870,True,-9.387720374027959,2.897917519138835,0.853539598480143,-9.38772037402796,3.080260961577187,0.9898853366143525
352,dlvm,1000,3,5,0.1,7,3,10,10,glm,327,True,2.9663574550164196,2.3660302968814735,2.3211489604391797,2.96635745501642,2.3565438610452425,2.4282174502947473
353,dlvm,1000,3,100,0.1,7,3,10,10,glm,665,True,-0.4486570633868583,0.7783542500212974,0.547920017860544,-0.44865706338685823,1.000821347489843,0.6678510149267283
354,dlvm,1000,3,5,0.3,7,3,10,10,glm,330,True,2.193729009352055,2.162462948089096,2.1754546697576465,2.193729009352055,2.294877071919379,2.3771298892006696
355,dlvm,1000,3,100,0.3,7,3,10,10,glm,663,True,-0.10152578023607554,1.0662318665770263,0.6102994598513689,-0.10152578023607553,1.3167871757960137,0.798741256440624
356,dlvm,1000,3,5,0.1,7,3,400,10,glm,417,True,1.9828384784475643,1.5942290435611526,1.879623627794645,1.982838478447565,1.8748679817743017,2.060463441175409
357,dlvm,1000,3,100,0.1,7,3,400,10,glm,879,True,-7.732539283461054,2.763598402552858,0.9883471590698744,-7.732539283461052,2.8705733343165813,1.0471179968226239
358,dlvm,1000,3,5,0.3,7,3,400,10,glm,426,True,1.8304972485498319,1.6089461369016287,1.8243014172478675,1.8304972485498323,1.7578195692771479,1.935016421979701
359,dlvm,1000,3,100,0.3,7,3,400,10,glm,878,True,-29.4607103717211,2.3989904765525236,0.5824064746078583,-29.460710371721103,2.5327367857406875,0.678054073966643
360,lrmf,1000,3,5,0.1,7,3,10,0.1,glm,333,True,0.9774628687435354,0.9816395851252029,0.9864992535440251,0.977462868743535,0.976732944590277,0.9762287862979422
361,lrmf,1000,3,100,0.1,7,3,10,0.1,glm,620,True,6.303780894606364,6.606928929504129,6.648378411950887,6.303780894606364,7.129205488487767,7.125321502687725
362,lrmf,1000,3,5,0.3,7,3,10,0.1,glm,337,True,1.0566577928969612,1.0555820702299314,1.1283391598408343,1.0566577928969614,0.9780612603496174,0.9774937400445286
363,lrmf,1000,3,100,0.3,7,3,10,0.1,glm,627,True,7.938452638731713,7.827775420312278,8.021871961705472,7.938452638731714,7.1766989498650835,7.171574014982053
364,lrmf,1000,3,5,0.1,7,3,400,0.1,glm,426,True,1.3557618407256709,1.354891108767653,1.35437434047817,1.355761840725671,1.4524030948611868,1.4523357236786785
365,lrmf,1000,3,100,0.1,7,3,400,0.1,glm,883,True,0.23359266482442279,0.3092538194778598,0.0782548175783262,0.23359266482442284,0.43812870485156113,0.23625114289862292
366,lrmf,1000,3,5,0.3,7,3,400,0.1,glm,426,True,1.766338291264753,1.7628968811713221,1.7624298198271962,1.7663382912647523,1.5787294686086628,1.577569934362368
367,lrmf,1000,3,100,0.3,7,3,400,0.1,glm,887,True,0.13337983665909195,0.23124984483290234,0.05315944262753902,0.13337983665909195,0.36836693095911177,0.2161203407719136
368,lrmf,1000,3,5,0.1,7,3,10,1,glm,348,True,1.3079100858892065,1.3284926460028772,1.3324333738563576,1.3079100858892065,1.1998919181076224,1.2000172415838173
369,lrmf,1000,3,100,0.1,7,3,10,1,glm,677,True,-0.18428070834916105,0.38069596932113026,0.2602779818720866,-0.18428070834916105,0.5084009972700799,0.40899616151666257
370,lrmf,1000,3,5,0.3,7,3,10,1,glm,355,True,1.0499725532415463,1.042354211913307,1.043959902995283,1.049972553241546,1.2119049627916418,1.211843022458923
371,lrmf,1000,3,100,0.3,7,3,10,1,glm,684,True,-0.7725864180200761,0.236017524408976,0.14167682150738514,-0.772586418020076,0.3719673349558776,0.29274986083926957
372,lrmf,1000,3,5,0.1,7,3,400,1,glm,435,True,1.4343099353192603,1.274215111196616,1.286610816374119,1.4343099353192605,1.348994201270679,1.3499794353796084
373,lrmf,1000,3,100,0.1,7,3,400,1,glm,895,True,-0.5403990719641615,0.18346725660484076,0.14063297502447902,-0.5403990719641615,0.29962483828096065,0.25699557707913245
374,lrmf,1000,3,5,0.3,7,3,400,1,glm,440,True,1.3284084298820336,1.1671908386234335,1.1978484144053423,1.3284084298820336,1.4059621221142833,1.4127440241391866
375,lrmf,1000,3,100,0.3,7,3,400,1,glm,897,True,-0.41904337997338426,0.2282241468870576,0.1834872534169203,-0.4190433799733843,0.2915112458859676,0.25145404595650633
376,lrmf,1000,3,5,0.1,7,3,10,10,glm,360,True,2.022823501780967,2.0491879645617286,2.0659930853367277,2.0228235017809664,1.5633267308126144,1.5692359944567316
377,lrmf,1000,3,100,0.1,7,3,10,10,glm,682,True,-0.427050742065488,0.22892571097089545,0.22826276798155518,-0.42705074206548793,0.3261554052089325,0.3441320773474111
378,lrmf,1000,3,5,0.3,7,3,10,10,glm,360,True,1.8404538207089314,1.8410090105392245,1.841004899462471,1.8404538207089312,1.4727437738984823,1.4737050608573106
379,lrmf,1000,3,100,0.3,7,3,10,10,glm,696,True,-0.5762816095931806,0.22913894333953982,0.3094343312103938,-0.5762816095931808,0.3148973701180509,0.40099637734162213
380,lrmf,1000,3,5,0.1,7,3,400,10,glm,445,True,1.3904789770379926,1.2293005287423624,1.2547005589226783,1.3904789770379928,1.4602911773650566,1.4678857929794646
381,lrmf,1000,3,100,0.1,7,3,400,10,glm,914,True,-0.32798350093003953,0.33125001641316115,0.36824466080203383,-0.3279835009300395,0.3826191696543721,0.416763873469215
382,lrmf,1000,3,5,0.3,7,3,400,10,glm,453,True,1.563774178985456,1.2554964375840318,1.277455943451586,1.5637741789854558,1.461017964193229,1.4685252905742083
383,lrmf,1000,3,100,0.3,7,3,400,10,glm,917,True,-0.4723056012086156,0.28611933004635165,0.16201575244546826,-0.4723056012086157,0.3591650673178728,0.23952410361359683
384,dlvm,1000,3,5,0.1,8,3,10,0.1,glm,367,True,1.747004271867856,1.662811642763117,1.7475111046951497,1.7470042718678558,1.4692464047299536,1.4693107281619142
385,dlvm,1000,3,100,0.1,8,3,10,0.1,glm,691,True,1.3544269522075545,1.1916424817618614,1.2997722045351177,1.354426952207554,2.8443420600409195,2.701597450736513
386,dlvm,1000,3,5,0.3,8,3,10,0.1,glm,370,True,1.8644953315263264,1.7747010661311506,1.8943281963665868,1.8644953315263268,1.4698825475187964,1.469999383614085
387,dlvm,1000,3,100,0.3,8,3,10,0.1,glm,657,True,0.8791423753719745,1.2211058252187108,1.3985731128002534,0.8791423753719747,2.7771942160697205,2.6517232933895127
388,dlvm,1000,3,5,0.1,8,3,400,0.1,glm,461,True,2.074606168285514,2.1866929237505826,2.3450666273513505,2.0746061682855137,2.497299612605713,2.6504534537174993
389,dlvm,1000,3,100,0.1,8,3,400,0.1,glm,922,True,0.29191405188112296,1.4311559293814398,0.1995855322379505,0.2919140518811229,1.874860215668768,0.3426304442189175
390,dlvm,1000,3,5,0.3,8,3,400,0.1,glm,461,True,2.4360265489556774,2.49841875990154,2.603510723831974,2.4360265489556774,2.5026321408513676,2.6574312915470117
391,dlvm,1000,3,100,0.3,8,3,400,0.1,glm,924,True,0.2665822594672352,1.3322128499962353,0.14584355738740307,0.26658225946723524,1.7353107739368996,0.2920219012715436
392,dlvm,1000,3,5,0.1,8,3,10,1,glm,376,True,2.695407243896809,2.2322418593745597,2.241793300070176,2.6954072438968093,2.267879506641684,2.3487803087662495
393,dlvm,1000,3,100,0.1,8,3,10,1,glm,720,True,-0.33945305939736853,-0.1316948095870869,0.19532142086863602,-0.33945305939736853,0.08246132588513187,0.23964655188892614
394,dlvm,1000,3,5,0.3,8,3,10,1,glm,379,True,2.9655451653878915,2.7075869030270034,2.7620553006914372,2.9655451653878915,2.3587726719512374,2.4500916612519164
395,dlvm,1000,3,100,0.3,8,3,10,1,glm,709,True,0.3564229483561306,-0.1523254327146033,0.25455882057115076,0.3564229483561307,0.18788976843885802,0.29151662849499144
396,dlvm,1000,3,5,0.1,8,3,400,1,glm,470,True,3.32835770633883,2.6907436506098996,2.810728419070589,3.3283577063388305,2.5455011253438573,2.70198047246928
397,dlvm,1000,3,100,0.1,8,3,400,1,glm,931,True,-14.625359444505689,2.365833434261251,0.610862926244471,-14.625359444505683,2.5500684996415,0.8026294923656989
398,dlvm,1000,3,5,0.3,8,3,400,1,glm,472,True,2.355177729021277,1.886692955384551,2.157127967288814,2.3551777290212774,2.3495102822690956,2.510666869000785
399,dlvm,1000,3,100,0.3,8,3,400,1,glm,933,True,-15.918384843480235,2.304888617830546,0.558952398291723,-15.918384843480233,2.529051153228487,0.7034581368839651
400,dlvm,1000,3,5,0.1,8,3,10,10,glm,394,True,2.6190471704378044,2.467870871243092,2.513544865339747,2.6190471704378036,2.4024886956366767,2.472635054674569
401,dlvm,1000,3,100,0.1,8,3,10,10,glm,751,True,-0.3727302327494335,0.2962407349123155,0.3958399813424254,-0.37273023274943357,0.6111705916844036,0.6246446123168463
402,dlvm,1000,3,5,0.3,8,3,10,10,glm,398,True,3.28810027882967,2.617205317609254,2.6394915220305766,3.2881002788296687,2.4166646901998425,2.4826095189723403
403,dlvm,1000,3,100,0.3,8,3,10,10,glm,726,True,0.1045884881045801,0.23191011089590974,0.35461745972474673,0.1045884881045801,0.3663999395631158,0.44100951619067597
404,dlvm,1000,3,5,0.1,8,3,400,10,glm,479,True,3.522219381865901,2.590393643479483,2.7665371549499755,3.5222193818659013,2.5286443974839274,2.6838449827484943
405,dlvm,1000,3,100,0.1,8,3,400,10,glm,944,True,-2.90930946777745,1.3582015433074726,0.1274844627578791,-2.90930946777745,1.511077205288547,0.20817961001344998
406,dlvm,1000,3,5,0.3,8,3,400,10,glm,484,True,2.9561235171710365,2.267701573183157,2.4432575151846248,2.9561235171710365,2.418233337832617,2.579622971575292
407,dlvm,1000,3,100,0.3,8,3,400,10,glm,954,True,-6.206256056651745,1.8448489566489261,0.42489066626829075,-6.206256056651744,1.9882072362171368,0.5194641528061382
408,lrmf,1000,3,5,0.1,8,3,10,0.1,glm,398,True,1.1048935727412619,1.081260483553855,1.083541487416369,1.1048935727412617,0.9755803763059723,0.9750844868860021
409,lrmf,1000,3,100,0.1,8,3,10,0.1,glm,686,True,8.566723046362574,8.503010345852333,8.534245092042468,8.566723046362572,8.189447098041303,8.184294083308949
410,lrmf,1000,3,5,0.3,8,3,10,0.1,glm,402,True,0.9977255159605077,0.9970810185303023,0.9971532488998491,0.9977255159605076,0.974789555136236,0.9746439158640828
411,lrmf,1000,3,100,0.3,8,3,10,0.1,glm,689,True,9.079286822199057,9.002368009504359,8.850802262613854,9.079286822199055,8.202893250350732,8.202617647403162
412,lrmf,1000,3,5,0.1,8,3,400,0.1,glm,489,True,1.4043615952268969,1.4054313007865726,1.4047561156378943,1.4043615952268969,1.3730590612922073,1.3725511839738442
413,lrmf,1000,3,100,0.1,8,3,400,0.1,glm,950,True,0.7494932620215388,0.8245163980654979,0.2727475231721792,0.7494932620215387,0.9516634355262176,0.42692701698030644
414,lrmf,1000,3,5,0.3,8,3,400,0.1,glm,494,True,1.5961657366382531,1.5970549232563656,1.5962162741889294,1.5961657366382531,1.51808340536076,1.517855306920746
415,lrmf,1000,3,100,0.3,8,3,400,0.1,glm,949,True,0.706975318165466,0.7713916371397964,0.32737283690989116,0.7069753181654661,0.9018963807315523,0.4891112244069717
416,lrmf,1000,3,5,0.1,8,3,10,1,glm,416,True,1.1975289226768686,1.192614256685629,1.1950102553918784,1.1975289226768686,1.2897029754051068,1.2906629694365221
417,lrmf,1000,3,100,0.1,8,3,10,1,glm,737,True,0.50210633128676,0.559034885510652,0.3092129459473991,0.5021063312867601,0.7038196723170442,0.4844780625429155
418,lrmf,1000,3,5,0.3,8,3,10,1,glm,411,True,1.3197351860027384,1.3274896059742562,1.34786655985407,1.3197351860027384,1.2769528780400612,1.2769334439245392
419,lrmf,1000,3,100,0.3,8,3,10,1,glm,753,True,0.960257329602339,0.893891510050797,0.6810280657259811,0.9602573296023388,1.0530641811699288,0.8516672210625263
420,lrmf,1000,3,5,0.1,8,3,400,1,glm,502,True,1.6156380360094658,1.536434384917176,1.5772196256699225,1.6156380360094655,1.4273316044373991,1.4287521889018961
421,lrmf,1000,3,100,0.1,8,3,400,1,glm,962,True,0.5869383776343272,0.728679000248448,0.44559398876992007,0.5869383776343272,0.8553467739521394,0.600216368798188
422,lrmf,1000,3,5,0.3,8,3,400,1,glm,504,True,1.2784241256313884,1.268152472849832,1.3172658777077493,1.2784241256313884,1.3066982214228238,1.3083313154884002
423,lrmf,1000,3,100,0.3,8,3,400,1,glm,966,True,0.4427229688775672,0.7299058790751438,0.4655129128633737,0.44272296887756724,0.8441938255385161,0.5988000488416099
424,lrmf,1000,3,5,0.1,8,3,10,10,glm,423,True,1.9785491695383035,1.9707530362675343,1.9714329278401657,1.9785491695383042,1.5929012395427893,1.5918772546141546
425,lrmf,1000,3,100,0.1,8,3,10,10,glm,747,True,0.7394640833460682,0.42641030922456286,0.39474305648925945,0.7394640833460681,0.6007414427604495,0.58100926117841
426,lrmf,1000,3,5,0.3,8,3,10,10,glm,423,True,1.8201946972851832,1.826347386694363,1.828512294484097,1.8201946972851826,1.5695899256052792,1.5683744472627348
427,lrmf,1000,3,100,0.3,8,3,10,10,glm,759,True,0.6613560362139815,0.46325737409702683,0.4519425940624286,0.6613560362139816,0.5822672510630048,0.567912123628685
428,lrmf,1000,3,5,0.1,8,3,400,10,glm,516,True,1.5947143508593078,1.5459964651813987,1.608797035291927,1.594714350859308,1.6595103985435025,1.6864604906348881
429,lrmf,1000,3,100,0.1,8,3,400,10,glm,977,True,0.4265222669247551,0.5023519418483327,0.333234294395527,0.42652226692475526,0.5485301195425367,0.3871856475556189
430,lrmf,1000,3,5,0.3,8,3,400,10,glm,518,True,1.6634556895119226,1.5748536189252642,1.6400765719372126,1.6634556895119226,1.6132273458657824,1.654004114869428
431,lrmf,1000,3,100,0.3,8,3,400,10,glm,980,True,0.62320499913435,0.7716093134543687,0.4858556281136917,0.6232049991343499,0.8503232370118726,0.5814564260905007
432,dlvm,1000,3,5,0.1,9,3,10,0.1,glm,433,True,1.5401502251008456,1.5217020486769393,1.5707017471067957,1.5401502251008454,1.225499766712783,1.2256292804727016
433,dlvm,1000,3,100,0.1,9,3,10,0.1,glm,719,True,2.2481323497824364,3.1747956217880784,2.81269656018344,2.248132349782437,4.009041045469773,3.5562717523719134
434,dlvm,1000,3,5,0.3,9,3,10,0.1,glm,434,True,1.5764420260318255,1.5587665766878622,1.7172937648449533,1.5764420260318253,1.2283391787920168,1.2280747123060975
435,dlvm,1000,3,100,0.3,9,3,10,0.1,glm,718,True,1.5989678466081774,1.9348991756540812,1.814330339611594,1.5989678466081774,4.029366928892225,3.6531521541411633
436,dlvm,1000,3,5,0.1,9,3,400,0.1,glm,525,True,2.423046936232744,2.4189924355597334,2.482537494249688,2.423046936232744,2.498851567639172,2.614549173657659
437,dlvm,1000,3,100,0.1,9,3,400,0.1,glm,1001,True,1.5153152972112998,2.54765822084892,0.7618621659271341,1.5153152972112998,2.83616241308499,1.0557822638030943
438,dlvm,1000,3,5,0.3,9,3,400,0.1,glm,531,True,2.74560054327767,2.677654449761487,2.746001444320015,2.7456005432776704,2.5115062499378777,2.6271509295819793
439,dlvm,1000,3,100,0.3,9,3,400,0.1,glm,992,True,1.477124138649838,2.358134569094755,0.72187972608263,1.4771241386498377,2.6472616895199894,0.8953897732347426
440,dlvm,1000,3,5,0.1,9,3,10,1,glm,446,True,2.7093668679374967,2.5325595880850598,2.559272438793063,2.7093668679374967,2.288079573748595,2.3393107847103924
441,dlvm,1000,3,100,0.1,9,3,10,1,glm,773,True,-1.0722482831636089,0.9947703730619925,0.9055083792554859,-1.0722482831636087,1.1058823137124918,0.9536845668093078
442,dlvm,1000,3,5,0.3,9,3,10,1,glm,446,True,2.0321557389279072,2.175771206929795,2.0839199563836805,2.0321557389279077,2.3286300660095556,2.380416177706857
443,dlvm,1000,3,100,0.3,9,3,10,1,glm,784,True,-1.5777797216716336,0.8247031364884743,0.7834818532051917,-1.5777797216716336,1.0316611669139084,0.9108441559136503
444,dlvm,1000,3,5,0.1,9,3,400,1,glm,539,True,3.8829836679242185,2.2711482676815735,2.371087217432736,3.88298366792422,2.389854386539339,2.4815473845064067
445,dlvm,1000,3,100,0.1,9,3,400,1,glm,1000,True,-0.2659217428774714,3.2933659717751382,0.9737336651506627,-0.26592174287747133,3.4644228374817176,1.20036843253982
446,dlvm,1000,3,5,0.3,9,3,400,1,glm,540,True,3.703338219211405,2.1202118350214194,2.248149312743787,3.7033382192114037,2.3122871285199795,2.3972947587184144
447,dlvm,1000,3,100,0.3,9,3,400,1,glm,1002,True,0.723446096692121,2.775829697126861,0.9785027211900916,0.723446096692121,2.9688949738996304,1.1054172298807503
448,dlvm,1000,3,5,0.1,9,3,10,10,glm,459,True,2.970837530946237,2.660890928582587,2.6382865239441124,2.970837530946237,2.331510324945859,2.3646975351688946
449,dlvm,1000,3,100,0.1,9,3,10,10,glm,795,True,-0.9752299523540666,1.005588839372046,0.8834676709823462,-0.9752299523540665,1.259485625816544,1.0965589471879311
450,dlvm,1000,3,5,0.3,9,3,10,10,glm,460,True,2.7827378593793464,2.5046845076657793,2.5101639470571357,2.782737859379346,2.398829363414177,2.44737802190623
451,dlvm,1000,3,100,0.3,9,3,10,10,glm,797,True,-1.5140130237089904,0.9477838145942452,0.9232731674865718,-1.5140130237089904,1.0862616870547477,0.9988894187924324
452,dlvm,1000,3,5,0.1,9,3,400,10,glm,549,True,5.752457675137305,2.5300214551957074,2.6846643846075104,5.752457675137307,2.4878071449371277,2.556310656983217
453,dlvm,1000,3,100,0.1,9,3,400,10,glm,1013,True,-2.028442415176044,2.4644563801745356,0.9492246282272191,-2.0284424151760443,2.58619693262131,1.0196342366618703
454,dlvm,1000,3,5,0.3,9,3,400,10,glm,554,True,11.060080720134964,2.7241033572706184,2.920206423366681,11.060080720134966,2.549046008996122,2.652530954033386
455,dlvm,1000,3,100,0.3,9,3,400,10,glm,1014,True,-1.8673989808171996,2.474329203676514,0.9308861875726278,-1.8673989808171996,2.6352665758771305,1.0503056025881583
456,lrmf,1000,3,5,0.1,9,3,10,0.1,glm,468,True,0.9059815722648077,0.9063635937470025,0.906881409671314,0.9059815722648074,0.8472681262627375,0.8478343894652973
457,lrmf,1000,3,100,0.1,9,3,10,0.1,glm,762,True,7.190055558777363,7.009316252803199,6.595061792858473,7.1900555587773605,7.863948916064487,7.862770390750086
458,lrmf,1000,3,5,0.3,9,3,10,0.1,glm,475,True,0.8337396162915763,0.8362624479052769,0.8334973780474684,0.833739616291576,0.847664987918288,0.8472418887641738
459,lrmf,1000,3,100,0.3,9,3,10,0.1,glm,763,True,8.538223605226035,8.477126549023517,8.852962280701604,8.538223605226035,7.947615173160978,7.947335622483092
460,lrmf,1000,3,5,0.1,9,3,400,0.1,glm,562,True,1.1243187249607023,1.1279555029820925,1.1326155553385462,1.124318724960702,1.2950676797065812,1.3092655720988182
461,lrmf,1000,3,100,0.1,9,3,400,0.1,glm,1024,True,1.2234245225374432,1.3174955652815115,0.910096585207171,1.223424522537443,1.4351341139225087,1.0622353283545778
462,lrmf,1000,3,5,0.3,9,3,400,0.1,glm,565,True,1.0955799357726945,1.0941142960143218,1.098509371977137,1.0955799357726943,1.294851213327951,1.3074284671720766
463,lrmf,1000,3,100,0.3,9,3,400,0.1,glm,1020,True,1.1528934331408711,1.2797802421531976,0.8156051080240587,1.1528934331408711,1.4034899188608179,0.981377385674114
464,lrmf,1000,3,5,0.1,9,3,10,1,glm,482,True,1.2759634513629967,1.2890142715319513,1.3063058461080188,1.275963451362997,1.158881647374438,1.1722546324026402
465,lrmf,1000,3,100,0.1,9,3,10,1,glm,806,True,0.8974968144874386,1.2564743534424343,0.9692542871945521,0.8974968144874385,1.375482962595189,1.123584669156409
466,lrmf,1000,3,5,0.3,9,3,10,1,glm,486,True,1.679164798660603,1.681291469118967,1.7134088574801973,1.6791647986606035,1.1845087721257355,1.1961165044106479
467,lrmf,1000,3,100,0.3,9,3,10,1,glm,809,True,0.7330009632516308,1.1666997365024807,0.8516127687242636,0.7330009632516308,1.2853802899103584,1.0007756771858558
468,lrmf,1000,3,5,0.1,9,3,400,1,glm,576,True,1.4185911990895874,1.3866590078078296,1.4033411408150438,1.418591199089587,1.6805602363351135,1.6882867169456985
469,lrmf,1000,3,100,0.1,9,3,400,1,glm,1036,True,0.7368450692750842,1.1375554126274163,0.841904019009088,0.7368450692750842,1.2112552028827193,0.9425610852145083
470,lrmf,1000,3,5,0.3,9,3,400,1,glm,577,True,1.3446886736263282,1.369623911855967,1.3667264423324126,1.3446886736263282,1.4683257103319145,1.473625789506473
471,lrmf,1000,3,100,0.3,9,3,400,1,glm,1040,True,0.8597049463827843,1.1325067099647548,0.9313451528452861,0.8597049463827843,1.2381885685863059,1.0560371195847873
472,lrmf,1000,3,5,0.1,9,3,10,10,glm,498,True,1.8063216387680403,1.803410212349636,1.797195320955782,1.80632163876804,1.5107117990002092,1.5259857346597545
473,lrmf,1000,3,100,0.1,9,3,10,10,glm,834,True,0.8964882953274302,1.0237501818942094,1.008612137849333,0.8964882953274299,1.1078878483978087,1.0946241705253668
474,lrmf,1000,3,5,0.3,9,3,10,10,glm,502,True,1.9394707405811613,1.9055580801237146,1.8798500686759576,1.9394707405811613,1.5417651441617863,1.560458177969821
475,lrmf,1000,3,100,0.3,9,3,10,10,glm,833,True,0.42664214986084575,0.9006996270601114,0.6533872497222808,0.42664214986084575,1.0381158633162872,0.8129143042393215
476,lrmf,1000,3,5,0.1,9,3,400,10,glm,591,True,1.7183227884126382,1.6850589414537995,1.6762726672411026,1.7183227884126386,1.7703912041860286,1.771703161582896
477,lrmf,1000,3,100,0.1,9,3,400,10,glm,1056,True,0.8976719597404487,1.1957924195025122,1.034983607437469,0.8976719597404486,1.2665116877398395,1.1271884925887565
478,lrmf,1000,3,5,0.3,9,3,400,10,glm,593,True,1.5048388451915462,1.4623056023116268,1.4810811438209641,1.5048388451915462,1.6907072281519009,1.7052705073610526
479,lrmf,1000,3,100,0.3,9,3,400,10,glm,1060,True,1.105920282657806,1.472760851135079,1.2647498121827887,1.105920282657806,1.4970872024561583,1.2925882852356239
