,model,n,d,p,prop_miss,seed,d_miwae,n_epochs,sig_prior,method,time,citcio,add_wy,tau_dr,tau_ols,tau_ols_ps,mul_tau_dr,mul_tau_ols,mul_tau_ols_ps,dcor_zhat,dcor_zhat_mul
0,dlvm,1000,3,5,0.1,0,3,10,0.1,glm,132,False,False,1.0772226970075052,1.0773989042888932,1.0767191682275552,1.1042976477739663,1.1043101110982163,1.1043419918597197,0.5363239333414027,0.1211255360446961
1,dlvm,1000,3,100,0.1,0,3,10,0.1,glm,607,False,False,1.0093314057635994,1.0094057689028575,1.0086214952139565,0.9928975793948069,0.9932987866290532,0.993293921609515,0.7103387085636333,0.6874768674408546
2,dlvm,1000,3,5,0.3,0,3,10,0.1,glm,126,False,False,1.072713590065915,1.072944396148598,1.0699122560217802,1.1047871401189076,1.1047970283261146,1.1047422393376305,0.5373207517837253,0.11596658554315742
3,dlvm,1000,3,100,0.3,0,3,10,0.1,glm,614,False,False,0.9916736796647329,0.991336083475637,0.9859267222217828,0.9953078208740291,0.9953648787875133,0.9953663745604234,0.7060655108927189,0.674632748694223
4,dlvm,1000,3,5,0.1,0,3,400,0.1,glm,235,False,False,1.0935994460712408,1.0939298767836165,1.0943028730153954,1.0553697030237033,1.0559932443443192,1.0564024726013035,0.7274004350045897,0.5496707959465463
5,dlvm,1000,3,100,0.1,0,3,400,0.1,glm,1053,False,False,1.0422703266102584,1.0445094952060652,1.0414746709570923,1.0414098774909812,1.0437567865155288,1.0418592997404172,0.900902946622088,0.8614486288491554
6,dlvm,1000,3,5,0.3,0,3,400,0.1,glm,226,False,False,1.0723230451839738,1.0738073541442335,1.07295565575307,1.0411553843040025,1.0416944973829896,1.0428000121411538,0.7182674275554574,0.5326216816197066
7,dlvm,1000,3,100,0.3,0,3,400,0.1,glm,1064,False,False,1.029357635223641,1.0327486982473402,1.028371497766389,1.0316941248523521,1.034710774443065,1.032591291430932,0.8987754574593916,0.859673415726246
8,dlvm,1000,3,5,0.1,0,3,10,1,glm,120,False,False,1.0804146685648444,1.0790411543082195,1.0807874501313581,1.0481643154957525,1.0482678711276068,1.0488377787539576,0.6929154179170407,0.5057394552229606
9,dlvm,1000,3,100,0.1,0,3,10,1,glm,693,False,False,0.985654196368496,1.0085801223951871,1.009613920916212,1.002330937205942,1.0208404136687728,1.0203880352451251,0.8283616990292256,0.7554765932464532
10,dlvm,1000,3,5,0.3,0,3,10,1,glm,122,False,False,1.0765863640827178,1.0764463157040152,1.0785382238449428,1.0500510630914943,1.050179442581068,1.0502520673330162,0.6875873899871473,0.4982356292524371
11,dlvm,1000,3,100,0.3,0,3,10,1,glm,684,False,False,1.0725381067220146,1.0856128787612247,1.0854964230642035,1.0666049541638463,1.0717864196946558,1.0709451444635196,0.8125204308958808,0.7431553978609787
12,dlvm,1000,3,5,0.1,0,3,400,1,glm,238,False,False,1.0819343969349111,1.0828000851753201,1.0827850117682944,1.0680866908851818,1.0690885084673944,1.0692151611495817,0.7183472223426152,0.5790360551004565
13,dlvm,1000,3,100,0.1,0,3,400,1,glm,1052,False,False,1.0373723471754597,1.049566535580861,1.0481426959926898,1.0399483501967248,1.049740840173701,1.0484850833174497,0.8648634028718377,0.8477475965168833
14,dlvm,1000,3,5,0.3,0,3,400,1,glm,234,False,False,1.0800455926376054,1.0791778734664235,1.0786921225136814,1.0619688306615738,1.0631162557021703,1.0631555547685185,0.7090728536674884,0.5799592228788665
15,dlvm,1000,3,100,0.3,0,3,400,1,glm,1041,False,False,1.075077321763348,1.0541250058541427,1.051692341741297,1.0702384484261322,1.052416099709487,1.049763424457356,0.8621742028302394,0.8447402973335645
16,dlvm,1000,3,5,0.1,0,3,10,10,glm,129,False,False,1.0780843198012726,1.0743286536681407,1.074605537198478,1.0521064569565315,1.0521006869978224,1.052131446687725,0.7066176541560304,0.5161469691193981
17,dlvm,1000,3,100,0.1,0,3,10,10,glm,737,False,False,1.027160018480192,1.0490739701791378,1.048244931640063,1.0389511478048759,1.0539894412980155,1.0531292958543303,0.8487522455115988,0.8165445426372869
18,dlvm,1000,3,5,0.3,0,3,10,10,glm,133,False,False,1.074981990617054,1.0732435274615804,1.073600285341515,1.049373493818097,1.0494903552939396,1.050042483724138,0.7074902921377346,0.507789402285714
19,dlvm,1000,3,100,0.3,0,3,10,10,glm,698,False,False,1.0242400597265746,1.0330464976391218,1.0340926603735299,1.037628472233501,1.044318790212736,1.0442289818547188,0.8589998611453487,0.8126732204869104
20,dlvm,1000,3,5,0.1,0,3,400,10,glm,239,False,False,1.090373906019391,1.087225427658058,1.0866710049198585,1.0697369183238725,1.069515499558737,1.0695067484106568,0.6937295867139753,0.5632663390476664
21,dlvm,1000,3,100,0.1,0,3,400,10,glm,1044,False,False,1.0486069047770858,1.0544279062402635,1.054510576904568,1.0502065532718121,1.0553829417806395,1.055316811984634,0.8455615502438892,0.8429546558396868
22,dlvm,1000,3,5,0.3,0,3,400,10,glm,245,False,False,1.087556776780049,1.0864124848856902,1.0863731818247697,1.0689651215309928,1.069096100674988,1.0690549773972036,0.6948807633024414,0.5667256710574984
23,dlvm,1000,3,100,0.3,0,3,400,10,glm,1045,False,False,1.043558067018077,1.0587671206282523,1.061906759273672,1.0447840683227982,1.0582234698148298,1.0608623779447708,0.8474646554388382,0.8411107174750098
24,dlvm,5000,3,5,0.1,0,3,10,0.1,glm,1077,False,False,1.011697071378335,1.0112260970795903,1.012822857243953,1.012113980502732,1.0119114088152557,1.0128261333221935,0.7112400174722256,0.5328152194534121
25,dlvm,5000,3,100,0.1,0,3,10,0.1,glm,4126,False,False,1.060326795461242,1.05293577980871,1.0594319824945706,1.0516587420854047,1.0471147994096974,1.0514493100447455,0.8359221609085808,0.7858718214728302
26,dlvm,5000,3,5,0.3,0,3,10,0.1,glm,1024,False,False,0.9990751013405852,0.998708206671199,0.9986337803480962,1.012299873556661,1.0120224583712376,1.012689066253456,0.710741529438427,0.5368147023009295
27,dlvm,5000,3,100,0.3,0,3,10,0.1,glm,3952,False,False,1.0685709537311099,1.0602677235136024,1.061360889475008,1.0569237642275418,1.0491232097389638,1.051734907712597,0.8384708075781829,0.7808075578726387
28,dlvm,5000,3,5,0.1,0,3,400,0.1,glm,1668,False,False,1.0784154734120823,1.0750999117967788,1.075556458785674,1.0302603155338506,1.02991799189031,1.0300105142703369,0.7373599842160333,0.5592969741313625
29,dlvm,5000,3,100,0.1,0,3,400,0.1,glm,4964,False,False,1.0286152124864532,1.0274458559280402,1.030304162261927,1.0317584255110441,1.0299708053510663,1.0327355412463606,0.8939902942853123,0.8520818440603716
30,dlvm,5000,3,5,0.3,0,3,400,0.1,glm,1632,False,False,1.070958015660525,1.0687447311879064,1.0686309901650477,1.0278844324953278,1.0276913260959808,1.0277078352843434,0.7349056732192226,0.5545103242028704
31,dlvm,5000,3,100,0.3,0,3,400,0.1,glm,5110,False,False,1.0168049062764386,1.0334436030310674,1.0347528504463241,1.025792417191044,1.0386709820296953,1.0408360714338432,0.8931023215023602,0.8488080947599517
32,dlvm,5000,3,5,0.1,0,3,10,1,glm,922,False,False,1.0797083933391785,1.0759362890989193,1.0760807165238802,1.0106723074757802,1.010456367885715,1.0111677337869214,0.7224125524972559,0.5306323600217124
33,dlvm,5000,3,100,0.1,0,3,10,1,glm,3765,False,False,1.0416358967161767,1.0409143248589516,1.0436891323380884,1.0444607949774483,1.0420510214907592,1.0451527249175145,0.9033800719193599,0.857738466802268
34,dlvm,5000,3,5,0.3,0,3,10,1,glm,1104,False,False,1.0889321624129271,1.084421637845795,1.084623695545809,1.024860457591072,1.0246816847545506,1.0246447470266153,0.7403661497567489,0.5550720234126467
35,dlvm,5000,3,100,0.3,0,3,10,1,glm,3739,False,False,1.0528897138416036,1.0509883775139217,1.0530270029741402,1.048807923524603,1.0467709739784843,1.049554356279057,0.9031252096772309,0.8563881876914872
36,dlvm,5000,3,5,0.1,0,3,400,1,glm,1564,False,False,1.0510737775341563,1.0488972662687748,1.0488643267613165,1.0259303969080589,1.0257614564648374,1.0258378300987514,0.7294996381417657,0.5583822119000657
37,dlvm,5000,3,100,0.1,0,3,400,1,glm,5203,False,False,1.0499452384711039,1.0413747895904735,1.0412599273696954,1.0459069576132074,1.0415085743762074,1.0420663644461794,0.8774416028678115,0.8489781780374014
38,dlvm,5000,3,5,0.3,0,3,400,1,glm,1682,False,False,1.0624209638727322,1.0583178786312073,1.0584988913417477,1.0306965948823867,1.030257654214924,1.030246046313695,0.7346697412005775,0.5675064702517719
39,dlvm,5000,3,100,0.3,0,3,400,1,glm,5760,False,False,1.0422718557292352,1.0404738945297436,1.0391246341241371,1.0415729417858746,1.041141158415866,1.0405258847281302,0.8789360362568137,0.850300580537449
40,dlvm,5000,3,5,0.1,0,3,10,10,glm,1542,False,False,1.075812090971302,1.072464414229593,1.073434787316999,1.0236393140468278,1.0231824042712179,1.023326789646654,0.7316660757967488,0.5318891297300327
41,dlvm,5000,3,100,0.1,0,3,10,10,glm,4462,False,False,1.0506203912750236,1.051524305780687,1.0490864748539146,1.0611120890476549,1.0582296984227064,1.0562855238422406,0.8758314436958756,0.8315769739194577
42,dlvm,5000,3,5,0.3,0,3,10,10,glm,1561,False,False,1.065390972500095,1.063644897516062,1.0650898591820723,1.0287627766258747,1.028287628122429,1.0288736650848034,0.733339772569209,0.5298812281053834
43,dlvm,5000,3,100,0.3,0,3,10,10,glm,4656,False,False,1.0437934663012018,1.0478263641976489,1.0462286194861987,1.0584249485522508,1.0569087308239258,1.0558216224089596,0.8723307913414581,0.8268500406908376
44,dlvm,5000,3,5,0.1,0,3,400,10,glm,1810,False,False,1.0721110043407764,1.0699729183584454,1.071670114679597,1.0349725070160574,1.0346557699301926,1.0348766928090476,0.738073741014548,0.56852310974374
45,dlvm,5000,3,100,0.1,0,3,400,10,glm,6100,False,False,1.0407595889109147,1.0445454588340528,1.0453613593636897,1.0412203379265352,1.0442067391393983,1.0452032883525333,0.8688477878441604,0.8446350285950699
46,dlvm,5000,3,5,0.3,0,3,400,10,glm,2095,False,False,1.060965805275728,1.0567257573834534,1.056832070888332,1.0289269015226303,1.0286226329143642,1.028808720540256,0.7331459018990564,0.5612983745079962
47,dlvm,5000,3,100,0.3,0,3,400,10,glm,6278,False,False,1.0617281439343205,1.051794266282387,1.0531731401974156,1.059422666540928,1.0522017532067165,1.053544749943272,0.8702558688093979,0.8469277341672875
48,dlvm,1000,3,5,0.1,0,3,10,0.1,glm,187,True,False,2.1400240963278048,1.939053017671851,1.9186849800794334,1.4038015721612822,1.4035788201812394,1.4039949913388603,0.5667961759505371,0.1344822690099701
49,dlvm,1000,3,100,0.1,0,3,10,0.1,glm,692,True,False,1.617951427345132,1.9445330435654142,1.8069161029387182,2.7052375850924584,3.101528489128916,2.824703816474381,0.7063230565719457,0.6599179873839496
50,dlvm,1000,3,5,0.3,0,3,10,0.1,glm,189,True,False,1.564074388651121,1.4269099902623594,1.4223285989465921,1.3742067321351417,1.3741549796489125,1.3747816836098492,0.37963316342496434,0.1036587829139685
51,dlvm,1000,3,100,0.3,0,3,10,0.1,glm,682,True,False,0.8523090358992594,1.4257717106440246,1.347616639911461,2.068078824030152,2.6400791108891237,2.3616480148699828,0.7072326826297741,0.6682250822325301
52,dlvm,1000,3,5,0.1,0,3,400,0.1,glm,301,True,False,3.3311414577105833,3.093688669215517,3.070852394409762,3.0039322761103815,2.8159879869531643,2.9090178727946925,0.705710197347912,0.5199598515653393
53,dlvm,1000,3,100,0.1,0,3,400,0.1,glm,1163,True,False,1.1295577138373922,1.5443838670121464,0.675886282667455,1.3671400060704162,1.8621947176442064,0.8144536710705169,0.9009402085114725,0.8620334942714352
54,dlvm,1000,3,5,0.3,0,3,400,0.1,glm,300,True,False,3.144838099329244,2.9930314763819137,2.969018205671592,2.9728813183456526,2.791353023836947,2.8772887504350617,0.728336969709314,0.5557377495157779
55,dlvm,1000,3,100,0.3,0,3,400,0.1,glm,959,True,False,1.0322409347530022,1.4505280301902914,0.7275725032849181,1.2661799314136646,1.7822670485738155,0.8177008950255157,0.8999805002177672,0.8617951690251902
56,dlvm,1000,3,5,0.1,0,3,10,1,glm,194,True,False,3.9220845735509755,2.9902518674792677,2.9192248485143093,3.377298669757922,2.7006786638806903,2.7410255153543788,0.6944739114050287,0.5114386311119768
57,dlvm,1000,3,100,0.1,0,3,10,1,glm,766,True,False,1.3340469712107577,0.6629376185342841,0.6304395493829407,1.7882511469593418,0.8407252993406451,0.7468316113649033,0.866446706056249,0.8063237358394605
58,dlvm,1000,3,5,0.3,0,3,10,1,glm,194,True,False,3.8145832215880255,3.0561153987419867,2.9832182563740037,3.341939923090331,2.6914828712241627,2.737669395741717,0.6935095257876133,0.5112841629687648
59,dlvm,1000,3,100,0.3,0,3,10,1,glm,666,True,False,1.217898497138304,0.5141454457307906,0.36922191908624213,1.888213161420564,0.8564646208467539,0.5876230710933087,0.8258569538428648,0.758519044203822
60,dlvm,1000,3,5,0.1,0,3,400,1,glm,314,True,False,2.9422817849780847,2.182193644007506,2.461764641438243,3.8011735979631958,2.462290154681707,2.667004358953509,0.7149607223703235,0.5834547951618102
61,dlvm,1000,3,100,0.1,0,3,400,1,glm,1155,True,False,1.3511203902861404,1.9407573935858182,0.9239079601788103,2.2372194458615997,2.1284989390160134,1.0452520562066008,0.8635548832221605,0.8479968214315644
62,dlvm,1000,3,5,0.3,0,3,400,1,glm,299,True,False,3.201885619853527,2.238754513904726,2.48937657750957,4.187783296742157,2.4708810669224057,2.660285655369581,0.7117264952380814,0.5782760532465772
63,dlvm,1000,3,100,0.3,0,3,400,1,glm,1129,True,False,0.11193070911809946,2.0068028127905153,0.7204192234365374,1.1198481973907404,2.218298472043027,0.8457299705571347,0.8662362527127921,0.8506052007900301
64,dlvm,1000,3,5,0.1,0,3,10,10,glm,174,True,False,2.8490702387263154,2.469365534017032,2.6051154481609715,3.294527390549305,2.6998036751956285,2.7452881555996727,0.7096531190240382,0.5128654506706133
65,dlvm,1000,3,100,0.1,0,3,10,10,glm,575,True,False,2.2276925056254964,0.8476184881927512,0.7196386845078759,3.014009216557863,1.0672628540150269,0.8214025974165314,0.85224340915565,0.8011273494072435
66,dlvm,1000,3,5,0.3,0,3,10,10,glm,209,True,False,3.0929692312159514,2.920578117790917,2.894417176093467,3.4239996055768076,2.7457427050506658,2.759659683774828,0.7005962602568567,0.5111215379762478
67,dlvm,1000,3,100,0.3,0,3,10,10,glm,652,True,False,2.2183406851116283,0.6420326889080117,0.4740288715080582,2.8215881079262193,0.8389637803983537,0.6476338668992558,0.855800228190307,0.8110797328454781
68,dlvm,1000,3,5,0.1,0,3,400,10,glm,305,True,False,3.5798822281766047,2.524385720624117,2.684912315899635,4.058883840372448,2.644559561527875,2.784522375577264,0.7029354727488623,0.5783925500146561
69,dlvm,1000,3,100,0.1,0,3,400,10,glm,1167,True,False,0.18752124997865371,1.7735500430430984,0.682429182206166,1.0198524493075203,1.9368715225783333,0.7784965723696817,0.8482810312331849,0.8415878266708587
70,dlvm,1000,3,5,0.3,0,3,400,10,glm,318,True,False,2.216246425957328,2.0154415473329816,2.312254681781173,3.641997180056433,2.4947558607033797,2.6904989876665524,0.7098749513585308,0.5782723257534648
71,dlvm,1000,3,100,0.3,0,3,400,10,glm,1153,True,False,2.769821055867589,1.984308989115882,0.676222568580436,2.932528292812915,2.174822557115154,0.8136762662386542,0.8498939474035865,0.8423178387696882
72,dlvm,5000,3,5,0.1,0,3,10,0.1,glm,1701,True,False,2.9975251158959217,2.787520021730181,2.7429184111634903,2.8229400690641664,2.4767823520884935,2.5431161405477174,0.7102191000556585,0.5339654542062258
73,dlvm,5000,3,100,0.1,0,3,10,0.1,glm,4395,True,False,0.5105758370147112,0.9143398874271327,0.2310273862504939,0.8106058609205337,1.290334275636068,0.44310494574073955,0.8374336210070005,0.7768589479089647
74,dlvm,5000,3,5,0.3,0,3,10,0.1,glm,1600,True,False,2.929052494344867,2.69923005779561,2.699251562999276,2.7241116489610198,2.4588253587710045,2.554309446275577,0.7106195761535116,0.5375706934667963
75,dlvm,5000,3,100,0.3,0,3,10,0.1,glm,4643,True,False,0.5811368796958125,0.8968762403624169,0.34143321566527973,0.8797606967395931,1.1998398117344315,0.4792598062376199,0.8368760945413541,0.7818599914965829
76,dlvm,5000,3,5,0.1,0,3,400,0.1,glm,2066,True,False,2.781722518162863,2.499767676240701,2.5636304249189372,2.7296705611085827,2.440258439987079,2.5649210718514257,0.7356634812547489,0.5541381499005773
77,dlvm,5000,3,100,0.1,0,3,400,0.1,glm,10323,True,False,1.5652659845601746,2.5395898946776523,0.7908790396837899,1.7804660659271945,2.8123047272195687,0.9023477952701034,0.8926224289918261,0.8510079587674736
78,dlvm,5000,3,5,0.3,0,3,400,0.1,glm,6469,True,False,2.701301456962333,2.4974037818493855,2.5432127735533467,2.732525419707989,2.4415693916533225,2.560609701681021,0.7354475779077783,0.5532441461865211
79,dlvm,5000,3,100,0.3,0,3,400,0.1,glm,11064,True,False,1.471943022587075,2.486132794841053,0.7516609814717095,1.6903068885790404,2.7570995028482934,0.8572111054016109,0.8948788403301616,0.8531279833879808
80,dlvm,5000,3,5,0.1,0,3,10,1,glm,2417,True,False,2.8852729030008386,2.388105581094031,2.4743904744024006,2.884138786765707,2.430720165304622,2.5118282166025896,0.7389218515670476,0.5483715917893334
81,dlvm,5000,3,100,0.1,0,3,10,1,glm,6870,True,False,1.6708350162856205,1.643811898482475,0.9027692403763345,2.195888950679597,1.9069606567846313,0.9980734035007839,0.9026896223484988,0.8557921589646695
82,dlvm,5000,3,5,0.3,0,3,10,1,glm,4446,True,False,2.8387083079200885,2.494018427368669,2.5211720930573795,2.944874689366021,2.4449707895158683,2.5274045880164393,0.7389068944933775,0.546287886802547
83,dlvm,5000,3,100,0.3,0,3,10,1,glm,5664,True,False,1.838572931580332,1.5801840330088175,0.8858354271923292,8.505799546256918,1.884251171442627,0.988152221641912,0.9010044228314488,0.8583187338221043
84,dlvm,5000,3,5,0.1,0,3,400,1,glm,3367,True,False,3.1507842080433117,1.8131824243380965,2.0144513759739153,3.0129087894857163,2.304060772490138,2.4322350817297504,0.7338618365512136,0.5571565531782838
85,dlvm,5000,3,100,0.1,0,3,400,1,glm,6774,True,False,27.14196473511944,2.7647343789746275,0.9209431624158004,42.91499455572064,2.9955326278339824,1.0197804050328498,0.879552752389191,0.8498384840469478
86,dlvm,5000,3,5,0.3,0,3,400,1,glm,2818,True,False,4.512429852055032,2.004200830734152,2.081414181013994,3.087590558423061,2.3312626723309826,2.434787856525389,0.7363156850594802,0.566294744285207
87,dlvm,5000,3,100,0.3,0,3,400,1,glm,5515,True,False,2.5222313638738227,2.8972016897410766,0.9913374928192225,4.132823856183632,3.087413837514261,1.1207963708366335,0.8754216094716418,0.8487722562734875
88,dlvm,5000,3,5,0.1,0,3,10,10,glm,2454,True,False,2.85952647860084,2.5471956725517964,2.5964581938776656,2.7856858274684884,2.461023932543757,2.527602392908928,0.7310050870481608,0.5228942405083995
89,dlvm,5000,3,100,0.1,0,3,10,10,glm,4460,True,False,0.9556918926453516,1.067500503995761,0.7791926695624716,1.1367505291092828,1.248431096644602,0.9228190458928881,0.8783051559672366,0.8357385167062644
90,dlvm,5000,3,5,0.3,0,3,10,10,glm,2366,True,False,2.574327072428907,2.5892752828726207,2.591723656579808,2.828930610153946,2.499315173791307,2.5491533694863993,0.72751198389894,0.5220454052079233
91,dlvm,5000,3,100,0.3,0,3,10,10,glm,4522,True,False,0.8233564045199094,1.1276754418163328,0.7644568490893244,0.9189506452657977,1.245791315200676,0.8796514657900067,0.8765544672765349,0.8330183823393611
92,dlvm,5000,3,5,0.1,0,3,400,10,glm,3058,True,False,14.405297302758827,2.2205463478457594,2.1965838184098545,3.06514014537182,2.3678142556373456,2.4612799520961453,0.736598170119652,0.5642106771436316
93,dlvm,5000,3,100,0.1,0,3,400,10,glm,5664,True,False,0.4641470017477446,2.828948196981089,0.8404987248324826,0.7434895406107338,3.0112505632781836,0.9440672519399278,0.8700040887231204,0.8463954214877757
94,dlvm,5000,3,5,0.3,0,3,400,10,glm,2886,True,False,12.065677887492924,1.99694010088466,1.9601199872145918,3.0539360085667058,2.317855618303066,2.413168317052375,0.737089576574018,0.5659715168014583
95,dlvm,5000,3,100,0.3,0,3,400,10,glm,6384,True,False,0.34054730090853225,2.6617572973671124,0.8102827128706585,1.0895688523915874,2.8434237523657755,0.9025111661897103,0.8678639879208945,0.8422643655633422
96,lrmf,1000,3,5,0.1,0,3,10,0.1,glm,225,False,False,1.1071764331984877,1.1062886527801394,1.1038758962058637,1.1055656272176835,1.1055635655094704,1.1054533091453687,0.2599340271581962,0.10282852420649372
97,lrmf,1000,3,100,0.1,0,3,10,0.1,glm,707,False,False,0.9314820715981591,0.9355297168331117,0.9058735648117988,1.0541952372319332,1.0541475984779733,1.0540983033121936,0.4077890629993536,0.3430535574944947
98,lrmf,1000,3,5,0.3,0,3,10,0.1,glm,240,False,False,1.1014308491811804,1.1036917411586629,1.1045658382099646,1.1054261877931806,1.1054381800801736,1.1053870695223713,0.31070728922425866,0.10286118775849068
99,lrmf,1000,3,100,0.3,0,3,10,0.1,glm,734,False,False,0.9688985391274937,0.9687058908003472,0.9696470291116519,1.0527960169604014,1.0527787094048353,1.0527525590409603,0.41230410493997893,0.34720901485852385
100,lrmf,1000,3,5,0.1,0,3,400,0.1,glm,370,False,False,0.8488865822026546,0.8482446019659133,0.8473935940387185,0.9113046146305799,0.909882956379698,0.9098126212103952,0.7886474243167794,0.6371016221968197
101,lrmf,1000,3,100,0.1,0,3,400,0.1,glm,1008,False,False,1.000917645604554,1.0014434499588825,0.9988345259848728,1.001118169872636,1.0016586756759285,0.998844249253954,0.9895897680031285,0.9831953062411596
102,lrmf,1000,3,5,0.3,0,3,400,0.1,glm,420,False,False,0.8549918278421412,0.8533146443874084,0.852792368424633,0.9089009327563258,0.9076531647520896,0.9074865950386797,0.7855633002677821,0.6396228374088766
103,lrmf,1000,3,100,0.3,0,3,400,0.1,glm,1106,False,False,0.9983212282666316,0.9989855417574812,0.9971267842691778,0.9999713478569885,1.0002876191886474,0.9982843750436746,0.9900453601242023,0.9834634477842529
104,lrmf,1000,3,5,0.1,0,3,10,1,glm,243,False,False,1.0194324975195976,1.011687307453518,1.0112687904259419,1.0783308069432809,1.0720511184796644,1.072086536850704,0.6796784884539219,0.4732781985558335
105,lrmf,1000,3,100,0.1,0,3,10,1,glm,615,False,False,0.9941313744332178,0.996382399542145,0.9936703007898848,0.9957085224690536,0.9968830426632738,0.9939289529071864,0.9879853974707616,0.9812779124267459
106,lrmf,1000,3,5,0.3,0,3,10,1,glm,337,False,False,0.8876359581328673,0.8819544650980381,0.8799174074954452,1.0732572065921557,1.067488401303279,1.0673574345368095,0.6891931098246771,0.46951667575262107
107,lrmf,1000,3,100,0.3,0,3,10,1,glm,852,False,False,0.9980859649822239,1.0019201137321951,0.9965298134005822,1.0001594423067997,1.0030756278987678,0.9976965899078658,0.9880596193404414,0.9813931493968795
108,lrmf,1000,3,5,0.1,0,3,400,1,glm,383,False,False,0.8809856344500149,0.8817584236265061,0.8807817309064767,0.9006198748379975,0.8972596784935313,0.8969373128552971,0.8222056716011089,0.71027211627778
109,lrmf,1000,3,100,0.1,0,3,400,1,glm,1204,False,False,0.9969335803490216,1.0030023426844852,0.9981309600401017,0.9983856874116784,1.003370950029756,0.9988523393098708,0.9871854231773343,0.9824225469386824
110,lrmf,1000,3,5,0.3,0,3,400,1,glm,389,False,False,0.9075830362668049,0.8977458224166405,0.8959378743694764,0.9120778512603787,0.9032261970901679,0.9025507464553884,0.8088624667214869,0.710598756838147
111,lrmf,1000,3,100,0.3,0,3,400,1,glm,1217,False,False,0.9980213939659887,1.0023862779987354,0.9973767114799512,1.0000737593392903,1.0034199066787968,0.998472175141375,0.9864650480116604,0.9820382741426585
112,lrmf,1000,3,5,0.1,0,3,10,10,glm,270,False,False,0.8330553135556451,0.8305774676218074,0.8306108001704127,0.9494648445770654,0.9429329925564025,0.9425047275648297,0.8005607051413166,0.6159252802260533
113,lrmf,1000,3,100,0.1,0,3,10,10,glm,847,False,False,0.9925921838231834,0.9992099076320534,0.9982592056817023,0.9969227478316267,1.000880573581895,0.9997642196325852,0.9881909937295665,0.9819984446638301
114,lrmf,1000,3,5,0.3,0,3,10,10,glm,365,False,False,0.8399226310180856,0.8306321413587913,0.8304700861900532,0.9549183715157104,0.9490637530612136,0.9484052903544068,0.8010078413941714,0.6176268885546007
115,lrmf,1000,3,100,0.3,0,3,10,10,glm,711,False,False,0.9939398495994538,0.9954811385874505,0.9922677417758377,0.992867255537767,0.9937121407340858,0.990072047307254,0.9811811378809357,0.9747873247585247
116,lrmf,1000,3,5,0.1,0,3,400,10,glm,369,False,False,0.8083108072439895,0.8186549839316678,0.8170933631874031,0.8541068230511667,0.8576157717312544,0.8565990435071293,0.795719213783827,0.6962568964819272
117,lrmf,1000,3,100,0.1,0,3,400,10,glm,1059,False,False,0.9967054390551516,1.000797332672804,0.9929460352386295,0.9999691932718209,1.004145901832373,0.9965093496342398,0.9839731229855324,0.9816673888464723
118,lrmf,1000,3,5,0.3,0,3,400,10,glm,466,False,False,0.8553378296101669,0.8606876393945327,0.8596189925676428,0.8730447520499364,0.8729582238598865,0.8726128998504993,0.8131855751109979,0.7253296476298324
119,lrmf,1000,3,100,0.3,0,3,400,10,glm,1227,False,False,0.9890939227563638,1.0004968928884415,0.998127891886948,1.004903569711787,1.004117601952818,1.002035327535026,0.9833196802343899,0.9795848081746302
120,lrmf,5000,3,5,0.1,0,3,10,0.1,glm,2014,False,False,1.0863359222212485,1.0862737839619516,1.0863096078154904,1.09917796069231,1.099214388465584,1.099246414304346,0.290620355020268,0.11865685502911766
121,lrmf,5000,3,100,0.1,0,3,10,0.1,glm,4352,False,False,1.1957265014310523,1.1988174447651132,1.208413326074876,1.1948274287440224,1.1961420369723512,1.2056425236608732,0.8745726050034254,0.8580109610079637
122,lrmf,5000,3,5,0.3,0,3,10,0.1,glm,1827,False,False,1.0128968570852035,1.010589983294987,1.0098858996420859,1.0992918798290094,1.0993141209066064,1.0993169500235291,0.28845748643847763,0.1152853934618821
123,lrmf,5000,3,100,0.3,0,3,10,0.1,glm,5575,False,False,1.1446397235088919,1.1475451478018184,1.1515672270981063,1.1438426485870097,1.1468269042740982,1.150711555111526,0.8735459244300601,0.8576968232136583
124,lrmf,5000,3,5,0.1,0,3,400,0.1,glm,2837,False,False,0.8417026307766937,0.8425641988460475,0.8414733731346229,0.8945950012147518,0.8957413808462106,0.8951681848427541,0.7960996278432366,0.6487909280865947
125,lrmf,5000,3,100,0.1,0,3,400,0.1,glm,6774,False,False,0.9998115124698603,1.0025003240368942,0.9996192503145876,1.001561856190662,1.0037458596954243,1.0012428908387907,0.9925014535733657,0.9865673775350479
126,lrmf,5000,3,5,0.3,0,3,400,0.1,glm,2790,False,False,0.8425577341007394,0.843083024853355,0.8420588059480443,0.8944815994457435,0.8955774474737359,0.8949637882841848,0.7963933485675202,0.6517581536083279
127,lrmf,5000,3,100,0.3,0,3,400,0.1,glm,6293,False,False,1.0011538415114414,0.9999320055984109,0.9998634192634257,1.0035170013253354,1.0015300204470834,1.0015063838531169,0.9926144934283276,0.9867415041023518
128,lrmf,5000,3,5,0.1,0,3,10,1,glm,2589,False,False,0.8550960884764368,0.8577945667631923,0.8605990343733717,0.903702341930846,0.9031290926879398,0.9020990851713211,0.8082717347996451,0.6576050881321461
129,lrmf,5000,3,100,0.1,0,3,10,1,glm,4622,False,False,0.9958845606826621,0.9996173126418991,0.9989907184397816,0.9991671423769515,1.0009586527216476,1.0005307082884511,0.992670553063855,0.9865690129204334
130,lrmf,5000,3,5,0.3,0,3,10,1,glm,2264,False,False,0.8366475004384134,0.8318890831687703,0.8337591785441036,0.9011282154399303,0.9004962395458145,0.8995541716593946,0.8032323075076029,0.6534009432013248
131,lrmf,5000,3,100,0.3,0,3,10,1,glm,4188,False,False,0.9956876769853276,0.9998103187562877,0.9995119048392664,0.9982564444187838,1.0013694597007547,1.000921176923363,0.9928095545015718,0.9867195373022184
132,lrmf,5000,3,5,0.1,0,3,400,1,glm,2028,False,False,0.8729722105834877,0.8642892193099743,0.8640315663481728,0.8823160824715461,0.8827270015427701,0.8816867854500383,0.8418598243292349,0.7042347797053415
133,lrmf,5000,3,100,0.1,0,3,400,1,glm,6002,False,False,1.0020906548895023,1.0014777831553998,1.0021483483988916,1.0045440851768765,1.002599370541332,1.0032519915009166,0.9914638196895692,0.9861696755900092
134,lrmf,5000,3,5,0.3,0,3,400,1,glm,2231,False,False,0.8666300207071097,0.8563890698428196,0.8556899829916635,0.869101135326511,0.8679806305896716,0.8670954260995322,0.8384397290453707,0.709902504550113
135,lrmf,5000,3,100,0.3,0,3,400,1,glm,5841,False,False,1.0009347966927409,1.0010260283102266,0.9997676256188275,1.0032316051800512,1.002179287549298,1.001150028743025,0.9913154678541136,0.9860203567848493
136,lrmf,5000,3,5,0.1,0,3,10,10,glm,1662,False,False,0.8475859275526407,0.8343386794625798,0.8366587827241567,0.9022043846097546,0.9013584035589899,0.9002125046562227,0.8128012853083132,0.6557728340029453
137,lrmf,5000,3,100,0.1,0,3,10,10,glm,4264,False,False,0.9893428318067694,0.9993325045751048,0.9997111165937597,0.9914659649435897,1.0003209402844078,1.0007288224214954,0.9924960664995951,0.986716185839172
138,lrmf,5000,3,5,0.3,0,3,10,10,glm,1578,False,False,0.7975744771900816,0.7949632037716061,0.7957245583461616,0.8924968943152193,0.8917653779683641,0.8909882704975304,0.815546737914469,0.6571808612658532
139,lrmf,5000,3,100,0.3,0,3,10,10,glm,4113,False,False,0.9976717868648172,1.0013386363771692,1.0007972498702702,0.9991404268321395,1.0029337851039601,1.0024680066203877,0.9922005537798746,0.9862618827632997
